slug	rank	date	genre	artist	album	spotify	year
Woods - Songs of Shame	50	April 14, 2009	Lo-Fi	Woods	Songs of Shame	3rzVaWFBzvC7Yg6KSC7cVx	2009
Cass McCombs - Catacombs	49	June 2, 2009	Folk	Cass McCombs	Catacombs	2khhyKTcinEqcjIKetZD6X	2009
DOOM - Born Like This	48	March 24, 2009	Hip Hop	DOOM	Born Like This	3uIl85UIv3OaNRYbz7mrnd	2009
Zomby - Where Were U in 92?	47	December 9, 2008	Dubstep	Zomby	Where Were U in 92?	5duVh1qXfn9Sb0R7y6eo7r	2009
Dan Deacon - Bromst	46	March 24, 2009	Indietronica	Dan Deacon	Bromst	6SsP7QnagGoYqMRsxryQu5	2009
The Mountain Goats - The Life of the World to Come	45	October 6, 2009	Indie Rock	The Mountain Goats	The Life of the World to Come	7myOX1aVACQg3tnm62U6SI	2009
tUnE-yArDs - BiRd-BrAiNs	44	March 19, 2009	Freak Folk	tUnE-yArDs	BiRd-BrAiNs	1EwM5spoTKiTz25if5DEER	2009
Cymbals Eat Guitars - Why There Are Mountains	43	January 20, 2009	Indie Rock	Cymbals Eat Guitars	Why There Are Mountains	1BqKOalH2iJdlPL7pBrf8W	2009
A Sunny Day in Glasgow - Ashes Grammar	42	September 15, 2009	Shoegaze	A Sunny Day in Glasgow	Ashes Grammar	6KVEo7d6PJxpJqjuZVfWlh	2009
Baroness - Blue Record	41	October 13, 2009	Sludge Metal	Baroness	Blue Record	489qYkpzu44u4I6W9Ldtsx	2009
Mos Def - The Ecstatic	40	June 9, 2009	Hip Hop	Mos Def	The Ecstatic	5Oa2WgO3Jfuw2IKYrZNzTi	2009
Jim O'Rourke - The Visitor	39	September 8, 2009	Experimental	Jim O'Rourke	The Visitor		2009
Major Lazer - Guns Don't Kill People...Lazers Do	38	June 16, 2009	Dancehall	Major Lazer	Guns Don't Kill People...Lazers Do	51mR8ZUahC3H8V6j9Guq65	2009
The Antlers - Hospice	37	March 3, 2009	Indie Rock	The Antlers	Hospice	6fFp2F91noBeodV88bRwTD	2009
Dinosaur Jr. - Farm	36	June 23, 2009	Alternative Rock	Dinosaur Jr.	Farm	6IJJRVh2DWLxyZwVCi3ImK	2009
JJ - jj n° 2	35	July 1, 2009	Electronic	JJ	jj n° 2	0J0rFQDKn8v8EfAoRJ9Ojs	2009
Passion Pit - Manners	34	May 19, 2009	Electronic	Passion Pit	Manners	6H51jH1SuzV6ca1VxW2Tmv	2009
Bibio - Ambivalence Avenue	33	June 23, 2009	Experimental	Bibio	Ambivalence Avenue	7ybrct8gCd1mWsHS32ID8w	2009
Bear in Heaven - Beast Rest Forth Mouth	32	October 20, 2009	Experimental Rock	Bear in Heaven	Beast Rest Forth Mouth	4I84eFKsYX024qD05okY1x	2009
Sunn O))) - Monoliths and Dimensions	31	May 26, 2009	Drone Metal	Sunn O)))	Monoliths and Dimensions		2009
Röyksopp - Junior	30	March 23, 2009	Electronic	Röyksopp	Junior	6vQMbwthchxuSioACn2hcE	2009
Yo La Tengo - Popular Songs	29	September 8, 2009	Indie Rock	Yo La Tengo	Popular Songs	5Vi8AMs747kpnUAJRrGx0p	2009
Micachu and the Shapes - Jewellery	28	March 9, 2009	Experimental	Micachu and the Shapes	Jewellery	06brN4S472isNabA18BfJn	2009
Various Artists - 5: Five Years of Hyperdub	27	October 27, 2009	Dubstep	Various Artists	5: Five Years of Hyperdub	6a6PyGv5ZB1kR8QPV5aLHy	2009
Bon Iver - Blood Bank EP	26	January 20, 2009	Indie Folk	Bon Iver	Blood Bank EP	4LJ5oHS5UGQCC3p7NqYxuB	2009
DJ Quik & Kurupt - Blaqkout	25	June 9, 2009	Hip Hop	DJ Quik & Kurupt	Blaqkout	1fCu4LGOOCv1PvSdsoamLW	2009
Bill Callahan - Sometimes I Wish We Were An Eagle	24	April 14, 2009	Folk	Bill Callahan	Sometimes I Wish We Were An Eagle	2jalkvKIskN3GecqZAuqam	2009
Memory Tapes - Seek Magic	23	August 25, 2009	Electronic	Memory Tapes	Seek Magic	6ZchCmgi5vVSOBc1asPQKB	2009
Wild Beasts - Two Dancers	22	September 8, 2009	Indie Rock	Wild Beasts	Two Dancers	6Eoj1zHUY3VYUocKZVCawO	2009
Neko Case - Middle Cyclone	21	March 3, 2009	Alt-Country	Neko Case	Middle Cyclone	3XwQUKck8AiuLlOVubM5J5	2009
Real Estate - Real Estate	20	November 17, 2009	Lo-Fi	Real Estate	Real Estate	43uj7422MLR9MRBXSki0El	2009
The Pains of Being Pure at Heart - The Pains of Being Pure at Heart	19	February 3, 2009	Indie Pop	The Pains of Being Pure at Heart	The Pains of Being Pure at Heart	5uWuwlHON5texRWxdgtiS2	2009
Atlas Sound - Logos	18	October 20, 2009	Psychedelic Pop	Atlas Sound	Logos	6hQrWdihAPfww18lmdCKFl	2009
The Very Best - Warm Heart of Africa	17	October 6, 2009	Electronic	The Very Best	Warm Heart of Africa	6DQo1w3d4F8MXLK1585Dc7	2009
Antony and the Johnsons - The Crying Light	16	January 20, 2009	Chamber Pop	Antony and the Johnsons	The Crying Light	1pC69gZrIpeghDk2pkXbn8	2009
Japandroids - Post-Nothing	15	April 28, 2009	Garage Rock	Japandroids	Post-Nothing	3pukt8UD5RDPxUEdiOB7O2	2009
Neon Indian - Psychic Chasms	14	October 13, 2009	Chillwave	Neon Indian	Psychic Chasms	01QiJw4cwNbb5yHl265uhS	2009
St. Vincent - Actor	13	May 5, 2009	Indie Pop	St. Vincent	Actor	6RdfrSuuoZBUcvVHlWW2Wd	2009
Yeah Yeah Yeahs - It's Blitz!	12	March 31, 2009	Indie Rock	Yeah Yeah Yeahs	It's Blitz!	5HBmdEPIzWtcWwH2JSv7go	2009
Fuck Buttons - Tarot Sport	11	October 20, 2009	Electronic	Fuck Buttons	Tarot Sport	7tilRUU7WANATJdxhMO3p8	2009
Girls - Album	10	September 22, 2009	Indie Pop	Girls	Album	4oo6giAIivkoxt9ZDj4FmY	2009
Fever Ray - Fever Ray	9	January 12, 2009	Electropop	Fever Ray	Fever Ray	17RbukXB7NQN8h59WAy9ql	2009
Phoenix - Wolfgang Amadeus Phoenix	8	May 26, 2009	Indie Pop	Phoenix	Wolfgang Amadeus Phoenix	7bJTscIEKaObZS61RmpviI	2009
Bat For Lashes - Two Suns	7	April 7, 2009	Art Pop	Bat For Lashes	Two Suns	7cj1dERc5yhFBqtxlRYGSe	2009
Grizzly Bear - Veckatimest	6	May 26, 2009	Psychedelic Folk	Grizzly Bear	Veckatimest	6FIFqclBriPCb0SjWDaHIk	2009
Raekwon - Only Built 4 Cuban Linx... Pt. II	5	September 8, 2009	Hip Hop	Raekwon	Only Built 4 Cuban Linx... Pt. II		2009
The Flaming Lips - Embryonic	4	October 13, 2009	Neo-Psychedelia	The Flaming Lips	Embryonic	1QaudSbWNyACrk0JGemI3r	2009
The xx - xx	3	October 6, 2009	Indie Pop	The xx	xx	2rmMeEq5D1Bg7YFRwtHBDr	2009
Dirty Projectors - Bitte Orca	2	June 9, 2009	Indie Pop	Dirty Projectors	Bitte Orca	5370y6sLDhvjsg5eaQpIB4	2009
Animal Collective - Merriweather Post Pavilion	1	January 20, 2009	Psychedelic Pop	Animal Collective	Merriweather Post Pavilion	3Ew40olMfd5X4BvqfuFoqF	2009
Clams Casino - Instrumental	100	March 2, 2011	Electronic	Clams Casino	Instrumental		2010-2014
Jai Paul - Jai Paul	99	April 1, 2013	Alternative R&B	Jai Paul	Jai Paul		2010-2014
Earl Sweatshirt - EARL	98	March 31, 2010	Hip Hop	Earl Sweatshirt	EARL		2010-2014
Rustie - Glass Swords	97	October 11, 2011	Electronic	Rustie	Glass Swords	13kdLV4OxOBbqnGcJqkcKS	2010-2014
Young Thug - 1017 Thug	96	February 23, 2013	Hip Hop	Young Thug	1017 Thug		2010-2014
Nicolas Jaar - Space Is Only Noise	95	January 31, 2011	Microhouse	Nicolas Jaar	Space Is Only Noise	0tUJcqDuXHNkaPKLN0lQhT	2010-2014
How to Dress Well - What Is This Heart?	94	June 24, 2014	Alternative R&B	How to Dress Well	What Is This Heart?	70o7vRADMOz75vzHBla3Z0	2010-2014
Tim Hecker - Ravedeath, 1972	93	February 15, 2011	Drone	Tim Hecker	Ravedeath, 1972	6cbCvUzsawFcG0aZVCJyzt	2010-2014
Bat For Lashes - The Haunted Man	92	October 15, 2012	Art Pop	Bat For Lashes	The Haunted Man	6rg92rv1hTB5fDfm85cWgq	2010-2014
Actress - Splazsh	91	May 28, 2010	Microhouse	Actress	Splazsh	5iMp6bIMnBg0UpouIXUqxX	2010-2014
Waxahatchee - Cerulean Salt	90	March 5, 2013	Singer-Songwriter	Waxahatchee	Cerulean Salt	4OfohS2lFQOeCXsrNcdh5s	2010-2014
Emeralds - Does It Look Like I'm Here?	89	June 8, 2010	Drone	Emeralds	Does It Look Like I'm Here?	0c0XkZh9vWXg473nchoArI	2010-2014
Arcade Fire - Reflektor	88	October 29, 2013	Indie Rock	Arcade Fire	Reflektor	4E0m7AIVc2d2QZMrMNXdMZ	2010-2014
FKA twigs - LP1	87	August 12, 2014	Alternative R&B	FKA twigs	LP1	7mpQVIMZ2iNnAfqodqvdhz	2010-2014
Real Estate - Atlas	86	March 4, 2014	Indie Rock	Real Estate	Atlas	50idJkY6FhqUesGnGHn7wB	2010-2014
Swans - To Be Kind	85	May 13, 2014	Experimental Rock	Swans	To Be Kind	1Nt5SpidxOjgIpTrhrfwAF	2010-2014
A$AP Rocky - Live. Love. A$AP	84	October 31, 2011	Hip Hop	A$AP Rocky	Live. Love. A$AP		2010-2014
Tame Impala - Innerspeaker	83	May 25, 2010	Psychedelic Rock	Tame Impala	Innerspeaker	51jAc3sHdN2YG1X5AZg6Ow	2010-2014
Chief Keef - Finally Rich	82	December 18, 2012	Hip Hop	Chief Keef	Finally Rich	108j4R9oEcFUaVRzE8RZKI	2010-2014
Ariel Pink's Haunted Graffiti - Mature Themes	81	August 21, 2012	Psychedelic Pop	Ariel Pink's Haunted Graffiti	Mature Themes	2TIa83EYZBDWfmEj6VVoWu	2010-2014
Mac DeMarco - 2	80	October 16, 2012	Singer-Songwriter	Mac DeMarco	2	7mQ1elwuFdy0LBjAxv4spP	2010-2014
Big Boi - Sir Lucious Left Foot: The Son of Chico Dusty	79	July 6, 2010	Hip Hop	Big Boi	Sir Lucious Left Foot: The Son of Chico Dusty	0GZMsKdDsbNhxvM1VaxB0U	2010-2014
Darkside - Psychic	78	October 8, 2013	Art Pop	Darkside	Psychic	7jqNrm1l4wSxNYSjgK7tmF	2010-2014
Kendrick Lamar - Section.80	77	July 2, 2011	Hip Hop	Kendrick Lamar	Section.80	13WjgUEEAQp0d9JqojlWp1	2010-2014
Jessie Ware - Devotion	76	August 20, 2012	Soul	Jessie Ware	Devotion	467ptCjichGtFduanf3jMX	2010-2014
The Caretaker - An Empty Bliss Beyond This World	75	June 21, 2011	Ambient	The Caretaker	An Empty Bliss Beyond This World		2010-2014
Caribou - Swim	74	April 20, 2010	Electronic	Caribou	Swim	74vgQmQX8dVxpw9zcPEFxE	2010-2014
Cloud Nothings - Attack on Memory	73	January 24, 2012	Indie Rock	Cloud Nothings	Attack on Memory	1JgpvdsSfE94eZzYBk6ph9	2010-2014
Danny Brown - OLD	72	October 8, 2013	Hip Hop	Danny Brown	OLD	5SC0415RIGVX9ZfL0tfbAl	2010-2014
Girls - Father, Son, Holy Ghost	71	September 13, 2011	Indie Pop	Girls	Father, Son, Holy Ghost	66wRO7SK0Wo1KS40en2tua	2010-2014
Killer Mike - R.A.P. Music	70	May 15, 2012	Hip Hop	Killer Mike	R.A.P. Music	5EAhUoAz1G3WTvIfGZvmrh	2010-2014
Blood Orange - Cupid Deluxe	69	November 18, 2013	R&B	Blood Orange	Cupid Deluxe	5Pn6Nexd7zbCMkdVGeml0m	2010-2014
Erykah Badu - New Amerykah Part Two: Return of the Ankh	68	March 30, 2010	Neo-Soul	Erykah Badu	New Amerykah Part Two: Return of the Ankh	1MOub955Uer957RVqqkF2a	2010-2014
The Weeknd - House of Balloons	67	March 21, 2011	R&B	The Weeknd	House of Balloons		2010-2014
Todd Terje - It's Album Time	66	April 8, 2014	Nu-Disco	Todd Terje	It's Album Time	4pefQ21iSk8hdnxw3WSB5Y	2010-2014
Crystal Castles - Crystal Castles	65	May 25, 2010	Electronic	Crystal Castles	Crystal Castles	75olNPlDKi2XQhTD9IPlVC	2010-2014
HAIM - Days Are Gone	64	September 30, 2013	Indie Rock	HAIM	Days Are Gone	0eXAgjcMHbFt3fS0XXp8Kw	2010-2014
Four Tet - There Is Love in You	63	January 26, 2010	Electronic	Four Tet	There Is Love in You	6x2gG7Pw1g54ZjQWjiAVCK	2010-2014
The Knife - Shaking the Habitual	62	April 8, 2013	Electronic	The Knife	Shaking the Habitual	7eDaaP6J8Q3cYVTGRmARwx	2010-2014
Dirty Projectors - Swing Lo Magellan	61	July 10, 2012	Art Pop	Dirty Projectors	Swing Lo Magellan	1WhF5ZiI5V5laq2nGLoF99	2010-2014
PJ Harvey - Let England Shake	60	February 15, 2011	Alternative Rock	PJ Harvey	Let England Shake	7f1aXd7Gd5H9IqFu36zw6m	2010-2014
Miguel - Kaleidoscope Dream	59	October 2, 2012	R&B	Miguel	Kaleidoscope Dream	6vgPmXpCwKpPjV6fLynFtH	2010-2014
The-Dream - Love King	58	June 29, 2010	R&B	The-Dream	Love King	08912w1sEZbVmc4XZr40JE	2010-2014
tUnE-yArDs - w h o k i l l	57	April 19, 2011	Art Pop	tUnE-yArDs	w h o k i l l	7rBLvpL7ZWi1YCSXSLUZKF	2010-2014
Chance The Rapper - Acid Rap	56	April 30, 2013	Hip Hop	Chance The Rapper	Acid Rap	2VBcztE58pBKjIDS5oEgFh	2010-2014
Andy Stott - Luxury Problems	55	October 29, 2012	Dub Techno	Andy Stott	Luxury Problems	6XpD4GhQq4olgxxgX6BXdv	2010-2014
Frank Ocean - Nostalgia, Ultra.	54	February 18, 2011	R&B	Frank Ocean	Nostalgia, Ultra.		2010-2014
Beach House - Bloom	53	May 15, 2012	Dream Pop	Beach House	Bloom	68pikiNcGlWj3XFirs5O2R	2010-2014
James Blake - James Blake	52	February 8, 2011	Art Pop	James Blake	James Blake	0qY6lBQSi8IMJjHYDPdAqX	2010-2014
Sky Ferreira - Night Time, My Time	51	October 29, 2013	Synthpop	Sky Ferreira	Night Time, My Time	1bvCVYPVl445mO690M2dOr	2010-2014
Ratking - So It Goes	200	April 8, 2014	Hip Hop	Ratking	So It Goes	2ScS2EpJi2qDVFAQ2DFBq0	2010-2019
WU LYF - Go Tell Fire to the Mountain	199	June 21, 2011	Lo-Fi	WU LYF	Go Tell Fire to the Mountain	6WSEHis4NH2JfCimtDhClj	2010-2019
Jean Grae & Quelle Chris - Everything's Fine	198	March 30, 2018	Hip Hop	Jean Grae & Quelle Chris	Everything's Fine	22oHrB4SLwayyuLE02t5BD	2010-2019
Fatima Al Qadiri - Genre-Specific Xperience	197	November 18, 2011		Fatima Al Qadiri	Genre-Specific Xperience	15MfIAm3A7U0W1myJaXye2	2010-2019
Portal - Vexovoid	196	February 19, 2013	Death Metal	Portal	Vexovoid		2010-2019
Downtown Boys - Full Communism	195	May 4, 2015	Hardcore Punk	Downtown Boys	Full Communism	2uOinTd9KHYUdQR5r3sDKv	2010-2019
Titus Andronicus - The Monitor	194	March 9, 2010	Indie Rock	Titus Andronicus	The Monitor	5U09FQWagzAU5HPmufUAlU	2010-2019
Lil Peep - HellBoy	193	September 25, 2016	Hip Hop	Lil Peep	HellBoy		2010-2019
Kelela - Cut 4 Me	192	October 1, 2013	R&B	Kelela	Cut 4 Me	0pnKj3DOUFmo0bpQVkyE3Z	2010-2019
Kate Bush - 50 Words for Snow	191	November 21, 2011	Art Pop	Kate Bush	50 Words for Snow	1VAB3Xn92dPKPWzocgQqkh	2010-2019
Huerco S. - For Those Of You Who Have Never (And Also Those Who Have)	190	June 10, 2016	Ambient	Huerco S.	For Those Of You Who Have Never (And Also Those Who Have)	1MATu35vnVRNkhxFH3hMxP	2010-2019
Miranda Lambert - The Weight of These Wings	189	November 18, 2016	Country	Miranda Lambert	The Weight of These Wings	563h536tB6n8Dn62jr4RZG	2010-2019
Pusha T - Daytona	188	May 25, 2018	Hip Hop	Pusha T	Daytona	07bIdDDe3I3hhWpxU6tuBp	2010-2019
Iceage - Beyondless	187	May 4, 2018	Post-Punk	Iceage	Beyondless	5H8wFFblf7YvGc7LbBzuR9	2010-2019
Various Artists - Mono No Aware	186	March 17, 2017	Ambient	Various Artists	Mono No Aware	29oEVx1KwMEjdK0bsT2IZu	2010-2019
Hailu Mergia - Lala Belu	185	February 16, 2018	Jazz	Hailu Mergia	Lala Belu	5daH3Ogui4BqvMrMLaEJ2Q	2010-2019
Soccer Mommy - Clean	184	March 2, 2018	Indie Pop	Soccer Mommy	Clean	36NLDBi2kX7XRHnyLzLOS8	2010-2019
Elysia Crampton - American Drift	183	August 7, 2015	Electronic	Elysia Crampton	American Drift	6pArfwsBoFXoIcjNdmmfjN	2010-2019
G.L.O.S.S. - Trans Day of Revenge	182	June 13, 2016	Hardcore Punk	G.L.O.S.S.	Trans Day of Revenge		2010-2019
Jamila Woods - LEGACY! LEGACY!	181	May 10, 2019	Alternative R&B	Jamila Woods	LEGACY! LEGACY!	5NzK7S7oQQnO8eLRf7kDJx	2010-2019
CHVRCHES - The Bones of What You Believe	180	September 24, 2013	Synthpop	CHVRCHES	The Bones of What You Believe	1l9bp6Fz4xkN673dWN5cpy	2010-2019
Shabazz Palaces - Black Up	179	June 28, 2011	Hip Hop	Shabazz Palaces	Black Up	6xmJwIZr8GXrSTiYa9UYXG	2010-2019
Savages - Silence Yourself	178	May 6, 2013	Post-Punk	Savages	Silence Yourself	0aMC5DDAF86GvYNPaivEKd	2010-2019
Margo Price - All American Made	177	October 20, 2017	Country	Margo Price	All American Made	2ZxlcZ2NMgupfqGcyjnmkE	2010-2019
Gil Scott-Heron - I'm New Here	176	February 9, 2010	Soul	Gil Scott-Heron	I'm New Here	60JXrFsIxXP6rqd4jdTfrn	2010-2019
Jessie Ware - Devotion	175	August 20, 2012	Soul	Jessie Ware	Devotion	467ptCjichGtFduanf3jMX	2010-2019
Sharon Van Etten - Are We There	174	May 27, 2014	Singer-Songwriter	Sharon Van Etten	Are We There	69EhwEgjEWQ8GqH7wqEndn	2010-2019
Hurray For The Riff Raff - Small Town Heroes	173	February 11, 2014	Singer-Songwriter	Hurray For The Riff Raff	Small Town Heroes	1POMK00nh13k92KaCIVljU	2010-2019
Popcaan - Where We Come From	172	June 10, 2014	Dancehall	Popcaan	Where We Come From	3KxV4BKuBa5MuoETwALcUc	2010-2019
JPEGMAFIA - Veteran	171	January 19, 2018	Experimental Hip Hop	JPEGMAFIA	Veteran	22LKdgY3vLsAsWrOafwCM3	2010-2019
Skee Mask - Compro	170	May 15, 2018	Ambient Techno	Skee Mask	Compro	3yXIkSJWpudtgF0TZuB16U	2010-2019
Paramore - After Laughter	169	May 12, 2017	New Wave	Paramore	After Laughter	1c9Sx7XdXuMptGyfCB6hHs	2010-2019
Julianna Barwick - The Magic Place	168	February 22, 2011	Ambient Pop	Julianna Barwick	The Magic Place	3URSIUAf32gpsqPhp1ItuT	2010-2019
(Sandy) Alex G - DSU	167	June 17, 2014	Lo-Fi	(Sandy) Alex G	DSU	0zYUOExhLNlitUAdgIjHtT	2010-2019
Nicki Minaj - The Pinkprint	166	December 15, 2014	Hip Hop	Nicki Minaj	The Pinkprint	39WwaUn8HTVZpJJmAuIIHN	2010-2019
Jay Som - Everybody Works	165	March 10, 2017	Indie Rock	Jay Som	Everybody Works	1ZMtgC7o6TGbzwkv5SpThU	2010-2019
Hop Along - Painted Shut	164	May 5, 2015	Indie Rock	Hop Along	Painted Shut	16fimHkQtXptYBytXfHfUs	2010-2019
Meek Mill - Dreamchasers 2	163	May 7, 2012	Hip Hop	Meek Mill	Dreamchasers 2		2010-2019
Sturgill Simpson - Metamodern Sounds in Country Music	162	May 13, 2014	Country	Sturgill Simpson	Metamodern Sounds in Country Music	19lODR6Yv1mfvvcTkrFAn2	2010-2019
The 1975 - I Like It When You Sleep, for You Are So Beautiful Yet So Unaware of It	161	February 26, 2016	Synthpop	The 1975	I Like It When You Sleep, for You Are So Beautiful Yet So Unaware of It	1JFmNyVPdBF1ECvv4fhpW4	2010-2019
Noname - Room 25	160	September 14, 2018	Hip Hop	Noname	Room 25	7oHM3Sj0l2nXAzGAxW0KOt	2010-2019
Pallbearer - Foundations of Burden	159	August 19, 2014	Doom Metal	Pallbearer	Foundations of Burden	5hcHyM3KYY97gUZzfRlNZb	2010-2019
Sleigh Bells - Treats	158	May 11, 2010	Noise Pop	Sleigh Bells	Treats	7l5Y3f2amyv1acMfZZQfa2	2010-2019
The 1975 - A Brief Inquiry Into Online Relationships	157	November 30, 2018	Art Pop	The 1975	A Brief Inquiry Into Online Relationships	6PWXKiakqhI17mTYM4y6oY	2010-2019
Jenny Lewis - The Voyager	156	July 29, 2014	Pop Rock	Jenny Lewis	The Voyager	5sCsfubNchaI9RCpP7K7aB	2010-2019
21 Savage & Metro Boomin - Savage Mode	155	July 14, 2016	Hip Hop	21 Savage & Metro Boomin	Savage Mode	4I3EcXD4e3KcEoDJfFEZ5b	2010-2019
Mica Levi - Under the Skin	154	March 17, 2014	Drone	Mica Levi	Under the Skin		2010-2019
Purple Mountains - Purple Mountains	153	July 12, 2019	Indie Rock	Purple Mountains	Purple Mountains	5NCdiiTgky5PbjmCtcgwtn	2010-2019
Arctic Monkeys - AM	152	September 9, 2013	Indie Rock	Arctic Monkeys	AM	5bU1XKYxHhEwukllT20xtk	2010-2019
Lady Gaga - The Fame Monster	151	November 23, 2009	Pop	Lady Gaga	The Fame Monster	67j3NJodNRI8USUwKwTZA6	2010-2019
Wavves - King of the Beach	50	August 3, 2010	Indie Rock	Wavves	King of the Beach	0EYSLCjAJiGtGfPuENfQYc	2010
Wild Nothing - Gemini	49	May 25, 2010	Dream Pop	Wild Nothing	Gemini	3oPuSNDpKa84WJLWstHomV	2010
Forest Swords - Dagger Paths	48	March 1, 2010	Neo-Psychedelia	Forest Swords	Dagger Paths	5lAR8NUtW605yBZae8MS0J	2010
Women - Public Strain	47	September 28, 2010	Post-Punk	Women	Public Strain	4bOm9cju3kHhqoE5ZjGurt	2010
Matthew Dear - Black City	46	August 17, 2010	Electronic	Matthew Dear	Black City	6GhqAQ0NYXwrG4JIidzBso	2010
Gil Scott-Heron - I'm New Here	45	February 9, 2010	Soul	Gil Scott-Heron	I'm New Here	60JXrFsIxXP6rqd4jdTfrn	2010
Kylesa - Spiral Shadow	44	October 26, 2010	Sludge Metal	Kylesa	Spiral Shadow	5CP0zFLnRi8SAxb1NxuB6b	2010
Tame Impala - Innerspeaker	43	May 25, 2010	Psychedelic Rock	Tame Impala	Innerspeaker	51jAc3sHdN2YG1X5AZg6Ow	2010
Drake - Thank Me Later	42	June 15, 2010	Hip Hop	Drake	Thank Me Later	6jlrjFR9mJV3jd1IPSplXU	2010
Delorean - Subiza	41	June 8, 2010	Indietronica	Delorean	Subiza	1Xl3ibPzUoDmMrHcr8J32T	2010
Abe Vigoda - Crush	40	September 28, 2010	Indie Rock	Abe Vigoda	Crush	4416b7x6TolPco1AjI9gR7	2010
Best Coast - Crazy for You	39	July 27, 2010	Indie Pop	Best Coast	Crazy for You	0xwxWdZEI2JmZOqazm0HCU	2010
Rick Ross - Teflon Don	38	July 20, 2010	Hip Hop	Rick Ross	Teflon Don	0jipZxGtkTDHjVerLkzO80	2010
Zola Jesus - Stridulum II	37	August 23, 2010	Psychedelic	Zola Jesus	Stridulum II	79Guttnxvzx1fBh30vNWhY	2010
Emeralds - Does It Look Like I'm Here?	36	June 8, 2010	Drone	Emeralds	Does It Look Like I'm Here?	0c0XkZh9vWXg473nchoArI	2010
Gorillaz - Plastic Beach	35	March 9, 2010	Electropop	Gorillaz	Plastic Beach	2dIGnmEIy1WZIcZCFSj6i8	2010
Crystal Castles - Crystal Castles	34	May 25, 2010	Electronic	Crystal Castles	Crystal Castles	75olNPlDKi2XQhTD9IPlVC	2010
The Tallest Man On Earth - The Wild Hunt	33	April 13, 2010	Folk	The Tallest Man On Earth	The Wild Hunt	6cnZbo9GSSTTafDnoXtSGL	2010
Tyler, the Creator - Bastard	32	December 25, 2009	Hip Hop	Tyler, the Creator	Bastard		2010
Woods - At Echo Lake	31	May 4, 2010	Lo-Fi	Woods	At Echo Lake	45YGCEh09Ji6rdHjPgNdw8	2010
The-Dream - Love King	30	June 29, 2010	R&B	The-Dream	Love King	08912w1sEZbVmc4XZr40JE	2010
The Fresh & Onlys - Play It Strange	29	October 12, 2010	Garage Rock	The Fresh & Onlys	Play It Strange	6Z0GV47fGK4hcnzklj80OX	2010
The National - High Violet	28	May 10, 2010	Indie Rock	The National	High Violet	59gXPxZ8CwFaeknPxtxXHZ	2010
Four Tet - There Is Love in You	27	January 26, 2010	Electronic	Four Tet	There Is Love in You	6x2gG7Pw1g54ZjQWjiAVCK	2010
Twin Shadow - Forget	26	September 28, 2010	New Wave	Twin Shadow	Forget	74fmoh0ZhWbwhW4GZRW4D8	2010
Sufjan Stevens - The Age of Adz	25	October 12, 2010	Chamber Pop	Sufjan Stevens	The Age of Adz	4ln0tQzp4XX6o2Z8XIlVDk	2010
Hot Chip - One Life Stand	24	February 9, 2010	Synthpop	Hot Chip	One Life Stand	71hq2cOVNhHTFOvy2erv01	2010
Das Racist - Sit Down, Man	23	September 14, 2010	Hip Hop	Das Racist	Sit Down, Man		2010
Girls - Broken Dreams Club	22	November 22, 2010	Indie Pop	Girls	Broken Dreams Club	7BckGE6X3hGi0L1TDO43PN	2010
The Walkmen - Lisbon	21	September 14, 2010	Indie Rock	The Walkmen	Lisbon	1OvxCp2JiapV5L2KXV7hzW	2010
Oneohtrix Point Never - Returnal	20	June 21, 2010	Drone	Oneohtrix Point Never	Returnal	7fz1x7StTrizRtDT8DXLA9	2010
How to Dress Well - Love Remains	19	October 19, 2010	Dream Pop	How to Dress Well	Love Remains	3MxMzvb0VJZXCSgfsX0UcF	2010
Erykah Badu - New Amerykah Part Two: Return of the Ankh	18	March 30, 2010	Neo-Soul	Erykah Badu	New Amerykah Part Two: Return of the Ankh	1MOub955Uer957RVqqkF2a	2010
Caribou - Swim	17	April 20, 2010	Electronic	Caribou	Swim	74vgQmQX8dVxpw9zcPEFxE	2010
Sleigh Bells - Treats	16	May 11, 2010	Noise Pop	Sleigh Bells	Treats	7l5Y3f2amyv1acMfZZQfa2	2010
Robyn - Body Talk	15	November 22, 2010	Electropop	Robyn	Body Talk	7J4oxoeFQLTrHnjNu2ZaJ5	2010
Flying Lotus - Cosmogramma	14	May 4, 2010	IDM	Flying Lotus	Cosmogramma	5c7XChrHxYaqykCZLaGM5f	2010
No Age - Everything in Between	13	September 28, 2010	Indie Rock	No Age	Everything in Between	3silW4wJsKp3p8tJEU9SJa	2010
Janelle Monáe - The ArchAndroid	12	May 18, 2010	R&B	Janelle Monáe	The ArchAndroid	7MvSB0JTdtl1pSwZcgvYQX	2010
Arcade Fire - The Suburbs	11	August 3, 2010	Indie Rock	Arcade Fire	The Suburbs	4zJBuQXo92Q7QhA5U4V8kw	2010
Titus Andronicus - The Monitor	10	March 9, 2010	Indie Rock	Titus Andronicus	The Monitor	5U09FQWagzAU5HPmufUAlU	2010
Ariel Pink's Haunted Graffiti - Before Today	9	June 8, 2010	Psychedelic Pop	Ariel Pink's Haunted Graffiti	Before Today	1dO7qBlkQXYENJaHfK7h56	2010
James Blake - Klavierwerke EP	8	October 10, 2010	Dubstep	James Blake	Klavierwerke EP	5y34dFTJVbEzIZcVF0F6N0	2010
James Blake - CMYK EP	8	May 31, 2010	Dubstep	James Blake	CMYK EP	77ouWfDXYOYnES19CFiPKS	2010
James Blake - The Bells Sketch EP	8	March 15, 2010	Dubstep	James Blake	The Bells Sketch EP		2010
Joanna Newsom - Have One on Me	7	February 23, 2010	Indie Folk	Joanna Newsom	Have One on Me		2010
Vampire Weekend - Contra	6	January 12, 2010	Indie Rock	Vampire Weekend	Contra	0zeAijecFGZOS4OaRdPVz5	2010
Beach House - Teen Dream	5	January 26, 2010	Dream Pop	Beach House	Teen Dream	72mGz9Dnt42euozq8yBULe	2010
Big Boi - Sir Lucious Left Foot: The Son of Chico Dusty	4	July 6, 2010	Hip Hop	Big Boi	Sir Lucious Left Foot: The Son of Chico Dusty	0GZMsKdDsbNhxvM1VaxB0U	2010
Deerhunter - Halcyon Digest	3	September 28, 2010	Indie Rock	Deerhunter	Halcyon Digest	1HUMjB15ARg96KIypcGzYY	2010
LCD Soundsystem - This Is Happening	2	May 18, 2010	Dance Punk	LCD Soundsystem	This Is Happening	4hnqM0JK4CM1phwfq1Ldyz	2010
Kanye West - My Beautiful Dark Twisted Fantasy	1	November 22, 2010	Hip Hop	Kanye West	My Beautiful Dark Twisted Fantasy	6LBiuhK7PZKjVXyMfPxPoh	2010
Youth Lagoon - The Year of Hibernation	50	September 27, 2011	Dream Pop	Youth Lagoon	The Year of Hibernation	0mcvDycoex7ANLZOmVVRoD	2011
Wild Flag - Wild Flag	49	September 13, 2011	Indie Rock	Wild Flag	Wild Flag	2HcZpInX7XfjQ69EsGKrhS	2011
Toro y Moi - Underneath The Pine	48	February 22, 2011	Chillwave	Toro y Moi	Underneath The Pine	00wmVs9BwWaSjLXBAzwUPq	2011
Sepalcure - Sepalcure	47	November 21, 2011	Dubstep	Sepalcure	Sepalcure	4NAZkbgSggue9GbUVoA4rf	2011
Cults - Cults	46	June 7, 2011	Indie Pop	Cults	Cults	2jb0zRewft3L2AwCOMx3du	2011
Kendrick Lamar - Section.80	45	July 2, 2011	Hip Hop	Kendrick Lamar	Section.80	13WjgUEEAQp0d9JqojlWp1	2011
Colin Stetson - New History Warfare Vol. 2: Judges	44	February 22, 2011	Experimental	Colin Stetson	New History Warfare Vol. 2: Judges	2YxOKIEvWuLnBTWGJL77aI	2011
Lykke Li - Wounded Rhymes	43	March 1, 2011	Indie Pop	Lykke Li	Wounded Rhymes	43uf0nTu6b5ReBCoQkLtsF	2011
SBTRKT - SBTRKT	42	June 28, 2011	Dubstep	SBTRKT	SBTRKT	5fP2kgfePJZF4nB1XqC1i8	2011
Liturgy - Aesthethica	41	May 10, 2011	Black Metal	Liturgy	Aesthethica	1cpS5zdyOqr6hXLGiEr0Bj	2011
AraabMuzik - Electronic Dream	40	June 14, 2011	Hip Hop	AraabMuzik	Electronic Dream	4ahBcxn9LnYUtf2u0iXVve	2011
The War on Drugs - Slave Ambient	39	August 16, 2011	Indie Rock	The War on Drugs	Slave Ambient	4136oTfNt4X3nw0zP1w2NG	2011
Sandro Perri - Impossible Spaces	38	October 18, 2011	Experimental	Sandro Perri	Impossible Spaces	0wTaLOGGUfWxT5TKrRq0Px	2011
Iceage - New Brigade	37	January 7, 2011	Post-Punk	Iceage	New Brigade	6vlGKE1mG5wxiqNE6fYXOF	2011
Kate Bush - 50 Words for Snow	36	November 21, 2011	Art Pop	Kate Bush	50 Words for Snow	1VAB3Xn92dPKPWzocgQqkh	2011
Frank Ocean - Nostalgia, Ultra.	35	February 18, 2011	R&B	Frank Ocean	Nostalgia, Ultra.		2011
Katy B - On a Mission	34	April 5, 2011	Dance Pop	Katy B	On a Mission	6KV9kNSuC1mmzrXKx6p6vV	2011
Fucked Up - David Comes to Life	33	June 7, 2011	Hardcore Punk	Fucked Up	David Comes to Life	7exqkn1MEoUhfDRMjwCOgm	2011
Panda Bear - Tomboy	32	April 12, 2011	Psychedelic Pop	Panda Bear	Tomboy	3SH1o5bO60CTibwxdYOFyo	2011
Ty Segall - Goodbye Bread	31	June 21, 2011	Garage Rock	Ty Segall	Goodbye Bread	3fgoWUTlgdezy7dPA6lVaE	2011
Tim Hecker - Ravedeath, 1972	30	February 15, 2011	Drone	Tim Hecker	Ravedeath, 1972	6cbCvUzsawFcG0aZVCJyzt	2011
DJ Quik - Book of David	29	April 19, 2011	Hip Hop	DJ Quik	Book of David	1PlWZCEmezLce2Mlyd5DQm	2011
Cut Copy - Zonoscope	28	February 8, 2011	Synthpop	Cut Copy	Zonoscope	5SFPr07PUPCT4YSaZjYeRR	2011
Beyoncé - 4	27	June 28, 2011	Pop	Beyoncé	4	7cvVgT5RXbcUo9Qw4nq31D	2011
The Field - Looping State of Mind	26	October 11, 2011	Minimal Techno	The Field	Looping State of Mind	1GO1sxNMppSD67YqZe4sKq	2011
Gang Gang Dance - Eye Contact	25	May 10, 2011	Experimental Rock	Gang Gang Dance	Eye Contact	3FnTGwJUmashhPZm9T87k4	2011
Julianna Barwick - The Magic Place	24	February 22, 2011	Ambient Pop	Julianna Barwick	The Magic Place	3URSIUAf32gpsqPhp1ItuT	2011
Bill Callahan - Apocalypse	23	April 5, 2011	Singer-Songwriter	Bill Callahan	Apocalypse	4RBHgVw8kR6IpXVnZhZrh0	2011
The Caretaker - An Empty Bliss Beyond This World	22	June 21, 2011	Ambient	The Caretaker	An Empty Bliss Beyond This World		2011
Kanye West & Jay-Z - Watch the Throne	21	August 8, 2011	Hip Hop	Kanye West & Jay-Z	Watch the Throne	1YwzJz7CrV9fd9Qeb6oo1d	2011
Nicolas Jaar - Space Is Only Noise	20	January 31, 2011	Microhouse	Nicolas Jaar	Space Is Only Noise	0tUJcqDuXHNkaPKLN0lQhT	2011
Danny Brown - XXX	19	August 15, 2011	Hip Hop	Danny Brown	XXX	3j21GO4l4W0w7hdF8JVPmo	2011
Atlas Sound - Parallax	18	November 8, 2011	Experimental	Atlas Sound	Parallax	6tMrRLV4mPCKOGZxWXF71P	2011
Clams Casino - Instrumental	17	March 2, 2011	Electronic	Clams Casino	Instrumental		2011
Kurt Vile - Smoke Ring for My Halo	16	March 8, 2011	Folk Rock	Kurt Vile	Smoke Ring for My Halo	32a7BrNNTAu7BVb6DcsMLP	2011
Fleet Foxes - Helplessness Blues	15	May 3, 2011	Indie Folk	Fleet Foxes	Helplessness Blues	3l7iMXJ0jqFnIYZRyCUewC	2011
Shabazz Palaces - Black Up	14	June 28, 2011	Hip Hop	Shabazz Palaces	Black Up	6xmJwIZr8GXrSTiYa9UYXG	2011
EMA - Past Life Martyred Saints	13	May 10, 2011	Experimental	EMA	Past Life Martyred Saints	08OhqUM0MeAuHd9HdryHB4	2011
James Blake - James Blake	12	February 8, 2011	Art Pop	James Blake	James Blake	0qY6lBQSi8IMJjHYDPdAqX	2011
St. Vincent - Strange Mercy	11	September 13, 2011	Art Pop	St. Vincent	Strange Mercy	1Lci4bx7JIuCC8pnBNX7ds	2011
The Weeknd - House of Balloons	10	March 21, 2011	R&B	The Weeknd	House of Balloons		2011
Real Estate - Days	9	October 18, 2011	Indie Rock	Real Estate	Days	43uj7422MLR9MRBXSki0El	2011
Drake - Take Care	8	November 15, 2011	Hip Hop	Drake	Take Care	63WdJvk8G9hxJn8u5rswNh	2011
tUnE-yArDs - w h o k i l l	7	April 19, 2011	Art Pop	tUnE-yArDs	w h o k i l l	7rBLvpL7ZWi1YCSXSLUZKF	2011
Oneohtrix Point Never - Replica	6	November 8, 2011	Drone	Oneohtrix Point Never	Replica	6zUTN3bN8rsgdy1lsFXI7L	2011
Girls - Father, Son, Holy Ghost	5	September 13, 2011	Indie Pop	Girls	Father, Son, Holy Ghost	66wRO7SK0Wo1KS40en2tua	2011
PJ Harvey - Let England Shake	4	February 15, 2011	Alternative Rock	PJ Harvey	Let England Shake	7f1aXd7Gd5H9IqFu36zw6m	2011
M83 - Hurry Up, We're Dreaming	3	October 18, 2011	Dream Pop	M83	Hurry Up, We're Dreaming	6MBuQugGuX7VMBX0uiBnAQ	2011
Destroyer - Kaputt	2	January 25, 2011	Sophisti-Pop 	Destroyer	Kaputt	1clYDgHxfhzxWQJH0ieRpx	2011
Bon Iver - Bon Iver, Bon Iver	1	June 21, 2011	Indie Folk	Bon Iver	Bon Iver, Bon Iver	0ZMzEAuUIylHgetdWqzcHU	2011
Lambchop - Mr. M	50	February 21, 2012	Alt-Country	Lambchop	Mr. M	5jIMNS1NP5sFkagCXvFiak	2012
Crystal Castles - (III)	49	November 12, 2012	Electronic	Crystal Castles	(III)	1NIfkZIYVAO6vnfmFOilHc	2012
Peaking Lights - Lucifer	48	June 19, 2012	Electronic	Peaking Lights	Lucifer	6ABsJ2gXpRBMjFM7oZ5xsr	2012
Pallbearer - Sorrow and Extinction	47	February 21, 2012	Doom Metal	Pallbearer	Sorrow and Extinction	4vcqtRCeKGALWvOg910jJi	2012
Rustie - Essential Mix	46	April 7, 2012	Dubstep	Rustie	Essential Mix		2012
El-P - Cancer 4 Cure	45	May 22, 2012	Hip Hop	El-P	Cancer 4 Cure	5zCfx4NLmvjmI3mwYJgdlT	2012
METZ - METZ	44	October 9, 2012	Noise Rock	METZ	METZ	5D6PdcR7qTaH6iu6WZlTOP	2012
Mac DeMarco - 2	43	October 16, 2012	Singer-Songwriter	Mac DeMarco	2	7mQ1elwuFdy0LBjAxv4spP	2012
Rick Ross - Rich Forever	42	January 6, 2012	Hip Hop	Rick Ross	Rich Forever	2Yeiz6V1YuHFz7iiWCC0SE	2012
Dum Dum Girls - End of Daze	41	September 25, 2012	Lo-Fi	Dum Dum Girls	End of Daze	2dOaomLOpKSelI1csdix04	2012
DIIV - Oshin	40	June 26, 2012	Shoegaze	DIIV	Oshin	7C2mLHV7cgF2l0LLzOd2FT	2012
Hot Chip - In Our Heads	39	June 11, 2012	Synthpop	Hot Chip	In Our Heads	31UV1XHUWAUfKH8vQQ0DD0	2012
Lotus Plaza - Spooky Action at a Distance	38	April 2, 2012	Neo-Psychedelia	Lotus Plaza	Spooky Action at a Distance	0F6VxVTyRvVe00d2AjylBK	2012
Future - Pluto	37	April 17, 2012	Hip Hop	Future	Pluto	1yNIBzlvPVBALSPkUMq1ma	2012
Sharon Van Etten - Tramp	36	February 7, 2012	Singer-Songwriter	Sharon Van Etten	Tramp	6E5Krpxb51P5DGM9da5lbq	2012
TNGHT - TNGHT	35	July 24, 2012	Electronic	TNGHT	TNGHT	4e0s9NinQo02X4exDDmW65	2012
Chairlift - Something	34	January 24, 2012	Electropop	Chairlift	Something	4nYzn3xOXQsltWZ5AIQns7	2012
Actress - R.I.P.	33	April 24, 2012	Experimental	Actress	R.I.P.	1iw1gr9TPYhIwmgoLPcRRG	2012
Action Bronson / Party Supplies - Blue Chips	32	March 12, 2012	Hip Hop	Action Bronson / Party Supplies	Blue Chips		2012
Spiritualized - Sweet Heart Sweet Light	31	April 17, 2012	Space Rock	Spiritualized	Sweet Heart Sweet Light	4O1ojhBMVNXH8Q9z2x37rX	2012
The Men - Open Your Heart	30	March 6, 2012	Noise Rock	The Men	Open Your Heart	4jcPjj6FuTPOKcREt9KfOs	2012
Cat Power - Sun	29	September 4, 2012	Singer-Songwriter	Cat Power	Sun	2JQgZJD5VKJkBMHBCkGQO0	2012
How to Dress Well - Total Loss	28	September 18, 2012	Ambient Pop	How to Dress Well	Total Loss	4aRufU4tMSZQ1NdmMO660O	2012
John Talabot - ƒIN	27	February 14, 2012	Deep House	John Talabot	ƒIN	3m779E07PwAQ3841RKHolm	2012
Julia Holter - Ekstasis	26	March 6, 2012	Art Pop	Julia Holter	Ekstasis	5KcephG2lFEcBpU616rsOQ	2012
Schoolboy Q - Habits & Contradictions	25	January 14, 2012	Hip Hop	Schoolboy Q	Habits & Contradictions	2XA9ImMQL9h3nFUMkHLL38	2012
Purity Ring - Shrines	24	July 24, 2012	Synthpop	Purity Ring	Shrines	7ppypgQppMf3mkRbZxYIFM	2012
Miguel - Kaleidoscope Dream	23	October 2, 2012	R&B	Miguel	Kaleidoscope Dream	6vgPmXpCwKpPjV6fLynFtH	2012
Flying Lotus - Until the Quiet Comes	22	October 2, 2012	IDM	Flying Lotus	Until the Quiet Comes	40aG9ahuLnAv96yoFG75Uy	2012
Ariel Pink's Haunted Graffiti - Mature Themes	21	August 21, 2012	Psychedelic Pop	Ariel Pink's Haunted Graffiti	Mature Themes	2TIa83EYZBDWfmEj6VVoWu	2012
Jessie Ware - Devotion	20	August 20, 2012	Soul	Jessie Ware	Devotion	467ptCjichGtFduanf3jMX	2012
Cloud Nothings - Attack on Memory	19	January 24, 2012	Indie Rock	Cloud Nothings	Attack on Memory	1JgpvdsSfE94eZzYBk6ph9	2012
Ty Segall Band - Slaughterhouse	18	June 26, 2012	Garage Rock	Ty Segall Band	Slaughterhouse	6QhMtcOQO98vzhYdzfjRAs	2012
Ty Segall & White Fence - Hair	18	April 24, 2012	Garage Rock	Ty Segall & White Fence	Hair	1CbEjRtaPQ1EKjYUSxf73F	2012
Bat For Lashes - The Haunted Man	17	October 15, 2012	Art Pop	Bat For Lashes	The Haunted Man	6rg92rv1hTB5fDfm85cWgq	2012
Burial - Kindred	16	February 12, 2012	Dubstep	Burial	Kindred	5OroU79gvn4zLctbiLswdI	2012
Dirty Projectors - Swing Lo Magellan	15	July 10, 2012	Art Pop	Dirty Projectors	Swing Lo Magellan	1WhF5ZiI5V5laq2nGLoF99	2012
Andy Stott - Luxury Problems	14	October 29, 2012	Dub Techno	Andy Stott	Luxury Problems	6XpD4GhQq4olgxxgX6BXdv	2012
Killer Mike - R.A.P. Music	13	May 15, 2012	Hip Hop	Killer Mike	R.A.P. Music	5EAhUoAz1G3WTvIfGZvmrh	2012
Godspeed You! Black Emperor - 'Allelujah! Don't Bend! Ascend!	12	October 16, 2012	Post-Rock	Godspeed You! Black Emperor	'Allelujah! Don't Bend! Ascend!	30bTXMxsMsYn7QbwmDW3rj	2012
Japandroids - Celebration Rock	11	June 5, 2012	Garage Rock	Japandroids	Celebration Rock	2sY9WYVH022ulyAYaqvXLW	2012
Grizzly Bear - Shields	10	September 18, 2012	Indie Folk	Grizzly Bear	Shields	57LAEzKL94ZHwbIkUWYCDY	2012
Death Grips - The Money Store	9	April 21, 2012	Hip Hop	Death Grips	The Money Store	1PQDjdBpHPikAodJqjzm6a	2012
Chromatics - Kill for Love	8	March 26, 2012	Synthpop	Chromatics	Kill for Love	5Rz4NIqwoYGDbIh40UTylV	2012
Beach House - Bloom	7	May 15, 2012	Dream Pop	Beach House	Bloom	68pikiNcGlWj3XFirs5O2R	2012
Grimes - Visions	6	February 21, 2012	Synthpop	Grimes	Visions	48a7rOjTzpD1zzJAteeveE	2012
Swans - The Seer	5	August 28, 2012	Post-Rock	Swans	The Seer	1ijaW4mgV7Xz7DK5cXyjoo	2012
Tame Impala - Lonerism	4	October 9, 2012	Psychedelic Rock	Tame Impala	Lonerism	76vY9yohh4kVwSKkyKbyEQ	2012
Fiona Apple - The Idler Wheel	3	June 19, 2012	Singer-Songwriter	Fiona Apple	The Idler Wheel	7uccppFArLf9dNOwDftOZa	2012
Frank Ocean - Channel Orange	2	July 17, 2012	Alternative R&B	Frank Ocean	Channel Orange	623Ef2ZEB3Njklix4PC0Rs	2012
Kendrick Lamar - good kid, m.A.A.d. city	1	October 22, 2012	Hip Hop	Kendrick Lamar	good kid, m.A.A.d. city	1DqhWr73Fh5yoNzKLas0G3	2012
Pusha T - My Name Is My Name	50	October 8, 2013	Hip Hop	Pusha T	My Name Is My Name	4f0X8H8GetFqQ3SwMFpXmH	2013
Julia Holter - Loud City Song	49	August 19, 2013	Art Pop	Julia Holter	Loud City Song	2rbppUb6T63d41sk7dQDfL	2013
Speedy Ortiz - Major Arcana	48	July 9, 2013	Grunge	Speedy Ortiz	Major Arcana	5SEhuymkFPl8ZA44dMQRrN	2013
The Range - Nonfiction	47	October 14, 2013	IDM	The Range	Nonfiction	1fbBkO7KFv8GcO4Y0l30QI	2013
M.I.A. - Matangi	46	November 5, 2013	Electropop	M.I.A.	Matangi	3dAxXNscIj0p53lBMEziYR	2013
Fuck Buttons - Slow Focus	45	July 23, 2013	Electronic	Fuck Buttons	Slow Focus	2I1PxMR8wj1Y6k88bselsq	2013
Justin Timberlake - The 20/20 Experience	44	March 19, 2013	Pop	Justin Timberlake	The 20/20 Experience	41br7lBSZOr9RjJAjk0om6	2013
The National - Trouble Will Find Me	43	May 21, 2013	Indie Rock	The National	Trouble Will Find Me	2JhR4tjuc3MIKa8v2JaKze	2013
Rhye - Woman	42	March 5, 2013	Soul	Rhye	Woman	6b1HPtDuYioXwmw5xLLFQ9	2013
Mutual Benefit - Love's Crushing Diamond	41	October 25, 2013	Indie Folk	Mutual Benefit	Love's Crushing Diamond	7bdiB9i8o2je2kaPylQ3IF	2013
Parquet Courts - Light Up Gold	40	August 18, 2012	Garage Rock	Parquet Courts	Light Up Gold	2txqIXQU0GCnzg8mTxw1lY	2013
A$AP Rocky - Long.Live.A$AP	39	January 15, 2013	Hip Hop	A$AP Rocky	Long.Live.A$AP	5WHY4T7LcWAJPb1ddChotC	2013
Boards of Canada - Tomorrow's Harvest	38	June 11, 2013	Electronic	Boards of Canada	Tomorrow's Harvest	159ORixBSSemxiualv1Woj	2013
Jon Hopkins - Immunity	37	June 3, 2013	Microhouse	Jon Hopkins	Immunity	3T0f43xzDQQKvQgFTKjPqq	2013
CHVRCHES - The Bones of What You Believe	36	September 24, 2013	Synthpop	CHVRCHES	The Bones of What You Believe	1l9bp6Fz4xkN673dWN5cpy	2013
Phosphorescent - Muchacho	35	March 19, 2013	Americana	Phosphorescent	Muchacho	2he3CA9Gg1XLCsBiMAaXiz	2013
Forest Swords - Engravings	34	August 26, 2013	Experimental	Forest Swords	Engravings	74UnLsuHAp1505hHzwcjPR	2013
Burial - Truant / Rough Sleeper	33	December 17, 2012	Dubstep	Burial	Truant / Rough Sleeper	6kboqwpIVOGW2p5CF3LDE9	2013
DJ Koze - Amygdala	32	March 25, 2013	Deep House	DJ Koze	Amygdala	7vv9qusEblI1f1LcIdYgEc	2013
Autre Ne Veut - Anxiety	31	February 26, 2013	R&B	Autre Ne Veut	Anxiety	6b9Uh2Pp3nc3EJw9pvfsSt	2013
Deerhunter - Monomania	30	May 3, 2013	Indie Rock	Deerhunter	Monomania	68gYjtaIWlvCscoxuCqAiZ	2013
The Haxan Cloak - Excavation	29	April 15, 2013	Drone	The Haxan Cloak	Excavation	16DAUZi7MAWliYIiJvaQyk	2013
Run the Jewels - Run the Jewels	28	June 26, 2013	Hip Hop	Run the Jewels	Run the Jewels	5okrDWqn2b0dX1VBpaZRxQ	2013
Neko Case - The Worse Things Get ...	27	September 3, 2013	Singer-Songwriter	Neko Case	The Worse Things Get ...	3V7aa2rOEqNczucNlTH32c	2013
James Blake - Overgrown	26	April 8, 2013	Art Pop	James Blake	Overgrown	12ExNn0hx85F8UNzoKCyCD	2013
Drake - Nothing Was the Same	25	September 24, 2013	Hip Hop	Drake	Nothing Was the Same	2ZUFSbIkmFkGag000RWOpA	2013
Oneohtrix Point Never - R Plus Seven	24	October 1, 2013	Electronic	Oneohtrix Point Never	R Plus Seven	68PRq4zj7YXMwiUq6FNGvR	2013
DJ Rashad - Double Cup	23	October 22, 2013	Footwork	DJ Rashad	Double Cup	4J7qkorMbPmJQy79SntDA8	2013
Waxahatchee - Cerulean Salt	22	March 5, 2013	Singer-Songwriter	Waxahatchee	Cerulean Salt	4OfohS2lFQOeCXsrNcdh5s	2013
Blood Orange - Cupid Deluxe	21	November 18, 2013	R&B	Blood Orange	Cupid Deluxe	5Pn6Nexd7zbCMkdVGeml0m	2013
Jai Paul - Jai Paul	20	April 1, 2013	Alternative R&B	Jai Paul	Jai Paul		2013
Earl Sweatshirt - Doris	19	August 20, 2013	Hip Hop	Earl Sweatshirt	Doris	5vRfIDOPJHy3W2wHWbzLlE	2013
Janelle Monáe - The Electric Lady	18	September 10, 2013	R&B	Janelle Monáe	The Electric Lady	3bnHtSmmsgJiG82hGCmsq9	2013
HAIM - Days Are Gone	17	September 30, 2013	Indie Rock	HAIM	Days Are Gone	0eXAgjcMHbFt3fS0XXp8Kw	2013
Bill Callahan - Dream River	16	September 17, 2013	Singer-Songwriter	Bill Callahan	Dream River	09o1j1zgl0n8H6EJZXIvRi	2013
Sky Ferreira - Night Time, My Time	15	October 29, 2013	Synthpop	Sky Ferreira	Night Time, My Time	1bvCVYPVl445mO690M2dOr	2013
The Knife - Shaking the Habitual	14	April 8, 2013	Electronic	The Knife	Shaking the Habitual	7eDaaP6J8Q3cYVTGRmARwx	2013
Kurt Vile - Wakin on a Pretty Daze	13	April 9, 2013	Folk Rock	Kurt Vile	Wakin on a Pretty Daze	2imxOfDIDk2voAYCZP88u2	2013
Chance The Rapper - Acid Rap	12	April 30, 2013	Hip Hop	Chance The Rapper	Acid Rap	2VBcztE58pBKjIDS5oEgFh	2013
Darkside - Psychic	11	October 8, 2013	Art Pop	Darkside	Psychic	7jqNrm1l4wSxNYSjgK7tmF	2013
Arcade Fire - Reflektor	10	October 29, 2013	Indie Rock	Arcade Fire	Reflektor	4E0m7AIVc2d2QZMrMNXdMZ	2013
Savages - Silence Yourself	9	May 6, 2013	Post-Punk	Savages	Silence Yourself	0aMC5DDAF86GvYNPaivEKd	2013
Majical Cloudz - Impersonator	8	May 21, 2013	Ambient Pop	Majical Cloudz	Impersonator	70EudAo73w9QvcF2u5K18E	2013
Daft Punk - Random Access Memories	7	May 21, 2013	Nu-Disco	Daft Punk	Random Access Memories	4m2880jivSbbyEGAKfITCa	2013
Deafheaven - Sunbather	6	June 11, 2013	Blackgaze	Deafheaven	Sunbather	2kKXGWaCEl06EKZ4DxBJIT	2013
Danny Brown - OLD	5	October 8, 2013	Hip Hop	Danny Brown	OLD	5SC0415RIGVX9ZfL0tfbAl	2013
My Bloody Valentine - m b v	4	February 3, 2013	Shoegaze	My Bloody Valentine	m b v		2013
Disclosure - Settle	3	June 3, 2013	Electronic	Disclosure	Settle	1bEnTsCvG4FPW7NpIEC5Zc	2013
Kanye West - Yeezus	2	June 18, 2013	Hip Hop	Kanye West	Yeezus	0XTAmejG8F97wF5MWoVbaY	2013
Vampire Weekend - Modern Vampires of the City	1	May 14, 2013	Indie Rock	Vampire Weekend	Modern Vampires of the City	2Qi2SySN2ePZwMLDSv9Krn	2013
Ben Frost - A U R O R A	50	May 26, 2014	Dark Ambient	Ben Frost	A U R O R A	2hVGkLbETH03giJCwRfjaN	2014
Mr Twin Sister - Mr Twin Sister	49	September 23, 2014	Dream Pop	Mr Twin Sister	Mr Twin Sister	6r34aMIPIjbKLtWcbdyseT	2014
Clark - Clark	48	November 3, 2014	IDM	Clark	Clark	13944rqffz0QLBUe04vY0r	2014
Shellac - Dude Incredible	47	September 16, 2014	Noise Rock	Shellac	Dude Incredible	2ESIcPobinuSSEwX8kzhY0	2014
Ariana Grande - My Everything	46	August 25, 2014	R&B	Ariana Grande	My Everything	41zTgMSJC9mF6NyBkXXxZr	2014
Andy Stott - Faith in Strangers	45	November 18, 2014	Electronic	Andy Stott	Faith in Strangers	1BzMONuUlgUnqOrg2aQeAY	2014
A Sunny Day in Glasgow - Sea When Absent	44	June 24, 2014	Shoegaze	A Sunny Day in Glasgow	Sea When Absent	4rkH6ty2BmobpmERezgUBF	2014
Freddie Gibbs & Madlib - Piñata	43	March 18, 2014	Hip Hop	Freddie Gibbs & Madlib	Piñata	43uErencdmuTRFZPG3zXL1	2014
Owen Pallett - In Conflict	42	May 27, 2014	Chamber Pop	Owen Pallett	In Conflict	6qkTG87rvoVj6RqzHHymbi	2014
Leon Vynehall - Music for the Uninvited	41	March 17, 2014	Deep House	Leon Vynehall	Music for the Uninvited	3Eq4qTWygAzH186V3q5D8z	2014
Ty Segall - Manipulator	40	August 26, 2014	Garage Rock	Ty Segall	Manipulator	0aXcmVjzU9v63FhFcjgLxp	2014
Ought - More Than Any Other Day	39	April 29, 2014	Post-Punk	Ought	More Than Any Other Day	6Y1StvNpDomvTkBgtgHIlU	2014
Hundred Waters - The Moon Rang Like A Bell	38	May 27, 2014	Art Pop	Hundred Waters	The Moon Rang Like A Bell	051I8OUCXMiEnua64QQKy3	2014
Perfect Pussy - Say Yes to Love	37	March 18, 2014	Noise Rock	Perfect Pussy	Say Yes to Love	0vAWlFqwQXVhsW7SR3rXv1	2014
Tinashe - Aquarius	36	October 7, 2014	Alternative R&B	Tinashe	Aquarius	6zXUDBGLbrB9Kgkw2Y3F7L	2014
Shabazz Palaces - Lese Majesty	35	July 29, 2014	Hip Hop	Shabazz Palaces	Lese Majesty	76w2I0nUWKdsDe9gubdpW5	2014
Cloud Nothings - Here and Nowhere Else	34	April 1, 2014	Indie Rock	Cloud Nothings	Here and Nowhere Else	0hLNDK6qqmScdwxU7kvnXn	2014
Rich Gang - Tha Tour Part 1	33	September 29, 2014	Hip Hop	Rich Gang	Tha Tour Part 1		2014
White Lung - Deep Fantasy	32	June 17, 2014	Noise Rock	White Lung	Deep Fantasy	7lsoGmTZp7mUBoAALe611f	2014
Taylor Swift - 1989	31	October 27, 2014	Pop	Taylor Swift	1989	2QJmrSgbdM35R67eoGQo4j	2014
Iceage - Plowing Into the Field of Love	30	October 7, 2014	Post-Punk	Iceage	Plowing Into the Field of Love	2zFpmXJsyl4HnMY1hZcfIe	2014
How to Dress Well - What Is This Heart?	29	June 24, 2014	Alternative R&B	How to Dress Well	What Is This Heart?	70o7vRADMOz75vzHBla3Z0	2014
Pharmakon - Bestial Burden	28	October 14, 2014	Death Industrial	Pharmakon	Bestial Burden	3HOtmw25fWCfpvAlxl9H8p	2014
YG - My Krazy Life	27	March 18, 2014	Hip Hop	YG	My Krazy Life	6cW84YyjHToN3qqBwKDKQX	2014
Ex Hex - Rips	26	October 7, 2014	Indie Rock	Ex Hex	Rips	6AiSmBuuVUi2xCIVJsXcQb	2014
Azealia Banks - Broke With Expensive Taste	25	November 6, 2014	Hip Hop	Azealia Banks	Broke With Expensive Taste	399M7b1n6aSepgtWTRi3za	2014
Parquet Courts - Sunbathing Animal	24	June 3, 2014	Garage Rock	Parquet Courts	Sunbathing Animal	3ngz9FbWGxHscqvwoGOL0u	2014
Lykke Li - I Never Learn	23	May 5, 2014	Indie Pop	Lykke Li	I Never Learn	4fGqfyineAZmulNxgitERh	2014
Future Islands - Singles	22	March 25, 2014	Synthpop	Future Islands	Singles	1dKh4z5Aayt8FFDWjO5FDh	2014
Eno • Hyde - High Life	21	June 30, 2014	Art Rock	Eno • Hyde	High Life		2014
Vince Staples - Hell Can Wait	20	October 7, 2014	Hip Hop	Vince Staples	Hell Can Wait	7mxpMxmMM8RN39YRlo08v7	2014
Sharon Van Etten - Are We There	19	May 27, 2014	Singer-Songwriter	Sharon Van Etten	Are We There	69EhwEgjEWQ8GqH7wqEndn	2014
Arca - Xen	18	November 4, 2014	Electronic	Arca	Xen	5FLsmazQWaDK9JGqdzHlN4	2014
Flying Lotus - You're Dead!	17	October 7, 2014	Electronic	Flying Lotus	You're Dead!	29luvT98TnqHjVDYSRbbrj	2014
St. Vincent - St. Vincent	16	February 25, 2014	Art Pop	St. Vincent	St. Vincent	2CJnMhwEEkS8R1ctgt5llf	2014
Angel Olsen - Burn Your Fire for No Witness	15	February 18, 2014	Singer-Songwriter	Angel Olsen	Burn Your Fire for No Witness	0xvDtkNKJiLclVbjLvovFU	2014
Real Estate - Atlas	14	March 4, 2014	Indie Rock	Real Estate	Atlas	50idJkY6FhqUesGnGHn7wB	2014
Spoon - They Want My Soul	13	August 5, 2014	Indie Rock	Spoon	They Want My Soul	5LOVEXnGFLMChzdUNRWRpB	2014
Mac DeMarco - Salad Days	12	April 1, 2014	Singer-Songwriter	Mac DeMarco	Salad Days	7xPhDaYZ2ejV04aNtdBdvj	2014
Perfume Genius - Too Bright	11	September 23, 2014	Art Pop	Perfume Genius	Too Bright	5qtHbJAK0C1IkacqJBqsa2	2014
Caribou - Our Love	10	October 7, 2014	Electronic	Caribou	Our Love	233jGebCTUPAYF5MxvLB7A	2014
Ariel Pink - pom pom	9	November 18, 2014	Psychedelic Pop	Ariel Pink	pom pom	4UhaqAS8V23KozB3dzLMax	2014
Todd Terje - It's Album Time	8	April 8, 2014	Nu-Disco	Todd Terje	It's Album Time	4pefQ21iSk8hdnxw3WSB5Y	2014
Sun Kil Moon - Benji	7	February 11, 2014	Singer-Songwriter	Sun Kil Moon	Benji	4pC2URLdvle8V6Um4qxh46	2014
Swans - To Be Kind	6	May 13, 2014	Experimental Rock	Swans	To Be Kind	1Nt5SpidxOjgIpTrhrfwAF	2014
Grouper - Ruins	5	October 31, 2014	Ambient	Grouper	Ruins	5ElYoVUqRQIlDekD1v6aKa	2014
Aphex Twin - Syro	4	September 23, 2014	IDM	Aphex Twin	Syro	6oRuinkJdTge4hpTuClEF8	2014
The War on Drugs - Lost in the Dream	3	March 18, 2014	Heartland Rock	The War on Drugs	Lost in the Dream	6nD9jfVVX0OadsHJqmjObO	2014
FKA twigs - LP1	2	August 12, 2014	Alternative R&B	FKA twigs	LP1	7mpQVIMZ2iNnAfqodqvdhz	2014
Run the Jewels - Run the Jewels 2	1	October 28, 2014	Hip Hop	Run the Jewels	Run the Jewels 2	2lPYlP4eumsjz6LBG8GCbG	2014
DAWN - Blackheart	50	January 15, 2015	Alternative R&B	DAWN	Blackheart	2IPKoEWJgWuM83zZOq3vkW	2015
Natalie Prass - Natalie Prass	49	January 27, 2015	Chamber Pop	Natalie Prass	Natalie Prass	1rRFEJvwq1Bdutw6q3Nz9e	2015
Shamir - Ratchet	48	May 19, 2015	Electropop	Shamir	Ratchet	7vX1WKSgkpG4jwOiaXDVT6	2015
DJ Koze - DJ-Kicks	47	June 15, 2015	Downtempo	DJ Koze	DJ-Kicks	4Ds2jfLg7gdR590E7gCIZp	2015
Tobias Jesso Jr. - Goon	46	March 17, 2015	Singer-Songwriter	Tobias Jesso Jr.	Goon	7elNFxdWSjWvtUP1gqyQGV	2015
Jim O'Rourke - Simple Songs	45	May 19, 2015	Chamber Pop	Jim O'Rourke	Simple Songs		2015
Jazmine Sullivan - Reality Show	44	January 13, 2015	R&B	Jazmine Sullivan	Reality Show	682dnvSPZ6lwCNodfMVcbh	2015
Destroyer - Poison Season	43	August 28, 2015	Chamber Pop	Destroyer	Poison Season	0X32RgsNanozjRrRd2DRLK	2015
Jenny Hval - Apocalypse, girl	42	June 9, 2015	Art Pop	Jenny Hval	Apocalypse, girl	3AeAZfwBgnhmbNEowNFvcB	2015
Jeremih - Late Nights: The Album	41	December 4, 2015	R&B	Jeremih	Late Nights: The Album	4p9QlliNvKndyKSPyuJlP8	2015
Jlin - Dark Energy	40	March 24, 2015	Footwork	Jlin	Dark Energy	2yHEmN9QGuFbFpWt21BJtd	2015
Holly Herndon - Platform	39	May 19, 2015	Art Pop	Holly Herndon	Platform	1x1agDGl1Y7npXRF7u3prS	2015
Arca - Mutant	38	November 20, 2015	Electronic	Arca	Mutant	5JJEl39js1CIZvzrAnX4kw	2015
Empress Of - Me	37	September 11, 2015	Electropop	Empress Of	Me	6Gr9l3W2dr8YZ1SzJwRRKE	2015
Janet Jackson - Unbreakable	36	October 2, 2015	R&B	Janet Jackson	Unbreakable	1zAcFjwYpvXq0GFm0vRDEa	2015
Neon Indian - VEGA INTL. Night School	35	October 16, 2015	Chillwave	Neon Indian	VEGA INTL. Night School	5jgrzAcDHJ5Nb2viW52OlR	2015
Carly Rae Jepsen - E•MO•TION	34	August 21, 2015	Dance Pop	Carly Rae Jepsen	E•MO•TION	49iTBKGf47W1CJMQ8W2jHB	2015
Archy Marshall - A New Place 2 Drown	33	December 10, 2015	Hip Hop	Archy Marshall	A New Place 2 Drown	56tUDDTfqaHqvcIyUfbuI0	2015
Dr. Dre - Compton: A Soundtrack by Dr. Dre	32	August 7, 2015	Hip Hop	Dr. Dre	Compton: A Soundtrack by Dr. Dre		2015
Kelela - Hallucinogen	31	October 9, 2015	Alternative R&B	Kelela	Hallucinogen	5vI1UvJLIPAKf1kvzgPaTO	2015
Deerhunter - Fading Frontier	30	October 16, 2015	Indie Rock	Deerhunter	Fading Frontier	0y5XgOUEiJSSIMxC4ALRAC	2015
Rae Sremmurd - SremmLife	29	January 6, 2015	Hip Hop	Rae Sremmurd	SremmLife	4ZmCBqmAmzZaw6AKnlXqQI	2015
Beach House - Depression Cherry	28	August 28, 2015	Dream Pop	Beach House	Depression Cherry	2dOMRQFWGtFnBVBaqMUjel	2015
Sleater-Kinney - No Cities to Love	27	January 20, 2015	Indie Rock	Sleater-Kinney	No Cities to Love	1l7gMbzE7RRAdYddJSfM5B	2015
Deafheaven - New Bermuda	26	October 2, 2015	Atmospheric Black Metal	Deafheaven	New Bermuda	2e4xOasRFhJn4x2MBM5pdu	2015
Earl Sweatshirt - I Don't Like Shit, I Don't Go Outside	25	March 23, 2015	Hip Hop	Earl Sweatshirt	I Don't Like Shit, I Don't Go Outside	3wUv2IjD5hPrqlPakpczQa	2015
Thundercat - The Beyond / Where the Giants Roam	24	June 22, 2015	Neo-Soul	Thundercat	The Beyond / Where the Giants Roam	7vgnnPWflv8g0vQYOberLn	2015
Kurt Vile - b'lieve i'm goin down	23	September 25, 2015	Singer-Songwriter	Kurt Vile	b'lieve i'm goin down	2uRTsStAmo7Z2UwCIvuwMv	2015
Panda Bear - Panda Bear Meets the Grim Reaper	22	January 13, 2015	Psychedelic Pop	Panda Bear	Panda Bear Meets the Grim Reaper	6bHsJXJoEdQTw3tUpHV8iB	2015
Donnie Trumpet & The Social Experiment - Surf	21	May 29, 2015	Neo-Soul	Donnie Trumpet & The Social Experiment	Surf	3eM1KTKmpqrQOvuvYY42cr	2015
Floating Points - Elaenia	20	November 6, 2015	Electronic	Floating Points	Elaenia	0SDLAAGQmK8DWxkX0s9OGE	2015
Future - DS2	19	July 17, 2015	Hip Hop	Future	DS2	0fUy6IdLHDpGNwavIlhEsl	2015
Julia Holter - Have You in My Wilderness	18	September 25, 2015	Art Pop	Julia Holter	Have You in My Wilderness	1kVTV6AoeMjAOMOJyVfYOl	2015
Drake - If You're Reading This It's Too Late	17	February 12, 2015	Hip Hop	Drake	If You're Reading This It's Too Late	6K77I7FVTV0pxUfQikCbxj	2015
FKA twigs - M3LL155X	16	August 13, 2015	Art Pop	FKA twigs	M3LL155X	7rSESybi14vAuEVzkipODD	2015
Björk - Vulnicura	15	January 20, 2015	Art Pop	Björk	Vulnicura	1ttnHZ0HVGMSMTJdZZ7kYK	2015
Young Thug - Barter 6	14	April 16, 2015	Hip Hop	Young Thug	Barter 6	0BsMZIueWsJLWng8A7sE8e	2015
Joanna Newsom - Divers	13	October 23, 2015	Singer-Songwriter	Joanna Newsom	Divers		2015
Father John Misty - I Love You, Honeybear	12	February 10, 2015	Singer-Songwriter	Father John Misty	I Love You, Honeybear	7buEcyw6fJF3WPgr06BomH	2015
Oneohtrix Point Never - Garden of Delete	11	November 13, 2015	Electronic	Oneohtrix Point Never	Garden of Delete	4l4tgdU69cbukMzliC4xI6	2015
Kamasi Washington - The Epic	10	May 5, 2015	Jazz Fusion	Kamasi Washington	The Epic	1jTw1oalZ4vF8jmpmILCdh	2015
Courtney Barnett - Sometimes I Sit and Think, and Sometimes I Just Sit	9	March 24, 2015	Indie Rock	Courtney Barnett	Sometimes I Sit and Think, and Sometimes I Just Sit	5FpTrIArvT20xUSpGRXGLY	2015
Miguel - Wildheart	8	June 30, 2015	Alternative R&B	Miguel	Wildheart	6W8ZsoinSMViZMh9aYK7gQ	2015
D'Angelo - Black Messiah	7	December 15, 2014	Neo-Soul	D'Angelo	Black Messiah	5Hfbag0SsHxafx1SySFSX6	2015
Sufjan Stevens - Carrie & Lowell	6	March 31, 2015	Indie Folk	Sufjan Stevens	Carrie & Lowell	0U8DeqqKDgIhIiWOdqiQXE	2015
Tame Impala - Currents	5	July 17, 2015	Psychedelic Pop	Tame Impala	Currents	0rxKf57PZvWEoU8v3m5W2q	2015
Vince Staples - Summertime '06	4	June 30, 2015	Hip Hop	Vince Staples	Summertime '06	59olnuVrXXgrDH4wknpDLC	2015
Grimes - Art Angels	3	November 6, 2015	Art Pop	Grimes	Art Angels	5hB4jVN4ZHpubyiMmW81K1	2015
Jamie xx - In Colour	2	June 1, 2015	UK Bass	Jamie xx	In Colour	5jBKTppNIUpcrNKbr8jbsQ	2015
Kendrick Lamar - To Pimp a Butterfly	1	March 16, 2015	Hip Hop	Kendrick Lamar	To Pimp a Butterfly	7ycBtnsMtyVbbwTfJwRjSP	2015
21 Savage & Metro Boomin - Savage Mode	50	July 14, 2016	Hip Hop	21 Savage & Metro Boomin	Savage Mode	4I3EcXD4e3KcEoDJfFEZ5b	2016
Porches - Pool	49	February 5, 2016	Synthpop	Porches	Pool	7kNB1l6WPFlZxH5MtgtW3j	2016
Frankie Cosmos - Next Thing	48	April 1, 2016	Indie Pop	Frankie Cosmos	Next Thing	7mTf6AXzDt1q7Iy4Vig1U5	2016
Kamaiyah - A Good Night in the Ghetto	47	March 14, 2016	Hip Hop	Kamaiyah	A Good Night in the Ghetto		2016
Pinegrove - Cardinal	46	February 12, 2016	Indie Rock	Pinegrove	Cardinal	2SmrUzUMMOYQqoPuOhlhjw	2016
William Tyler - Modern Country	45	June 3, 2016	Folk	William Tyler	Modern Country	0AlKGJjZriUhapXB3hyW6h	2016
Kevin Gates - Islah	44	January 29, 2016	Hip Hop	Kevin Gates	Islah	5Hs43ta4vAYKRRRR7DKjt9	2016
Weyes Blood - Front Row Seat to Earth	43	October 21, 2016	Psychedelic Folk	Weyes Blood	Front Row Seat to Earth	5priHeMXIoEdSy731w0Zfe	2016
Vince Staples - Prima Donna	42	August 25, 2016	Hip Hop	Vince Staples	Prima Donna	2haR5qnQopCdVASZ92YTGn	2016
Huerco S. - For Those Of You Who Have Never (And Also Those Who Have)	41	June 10, 2016	Ambient	Huerco S.	For Those Of You Who Have Never (And Also Those Who Have)	1MATu35vnVRNkhxFH3hMxP	2016
Vijay Iyer & Wadada Leo Smith - A Cosmic Rhythm with Each Stroke	40	March 11, 2016	Avant-Garde Jazz	Vijay Iyer & Wadada Leo Smith	A Cosmic Rhythm with Each Stroke		2016
Moodymann - DJ-Kicks	39	February 19, 2016	Deep House	Moodymann	DJ-Kicks	26ko9KvGa0mKqByhi74nsn	2016
Schoolboy Q - Blank Face LP	38	July 8, 2016	Hip Hop	Schoolboy Q	Blank Face LP	0YbpATCIng8Fz2JrfHmEf7	2016
King - We Are King	37	February 5, 2016	R&B	King	We Are King	3FYKiMNG19UUdbs8xhpZc7	2016
Jamila Woods - HEAVN	36	July 7, 2016	Alternative R&B	Jamila Woods	HEAVN	2ha1TUv0o6VnQddOci7GIb	2016
Hamilton Leithauser + Rostam - I Had A Dream That You Were Mine	35	September 23, 2016	Indie Rock	Hamilton Leithauser + Rostam	I Had A Dream That You Were Mine	2TDuXjtpO4tdvm86KVNMk0	2016
Kevin Morby - Singing Saw	34	April 15, 2016	Folk Rock	Kevin Morby	Singing Saw	1s8RmcZjTuvDt9eQ4MAKLI	2016
Maxwell - blackSUMMERS'night	33	July 1, 2016	Neo-Soul	Maxwell	blackSUMMERS'night	6pjoIUNpMtQaSJvRUmsnSh	2016
Elza Soares - A Mulher do Fim do Mundo	32	October 3, 2015	MPB	Elza Soares	A Mulher do Fim do Mundo	0YwlYu2ecOk0HgjZL7L6s0	2016
Whitney - Light Upon The Lake	31	June 3, 2016	Indie Rock	Whitney	Light Upon The Lake	5yMCA6HdFAeL1aqUjxO3MO	2016
Esperanza Spalding - Emily's D+Evolution	30	March 4, 2016	Jazz Fusion	Esperanza Spalding	Emily's D+Evolution	4IHHAv4Bu45x64Lf2ezRrT	2016
Kaitlyn Aurelia Smith - EARS	29	April 1, 2016	Folktronica	Kaitlyn Aurelia Smith	EARS	5T9rGi62i1O7wRu3c2f3q4	2016
NxWorries - Yes Lawd!	28	October 21, 2016	Neo-Soul	NxWorries	Yes Lawd!	7v4ntSy3suhIs5Vy96GXVZ	2016
Noname - Telefone	27	July 31, 2016	Hip Hop	Noname	Telefone	18Scpsg5OV1iYNtSaCsjwz	2016
Parquet Courts - Human Performance	26	April 8, 2016	Indie Rock	Parquet Courts	Human Performance	4RNew41ZeRuoRNg3YAhvpe	2016
KAYTRANADA - 99.9%	25	May 6, 2016	Electronic	KAYTRANADA	99.9%	1dZZh7PvVgce1DDsDPzy8Z	2016
Car Seat Headrest - Teens of Denial	24	May 20, 2016	Indie Rock	Car Seat Headrest	Teens of Denial	0czBomMxaMCzanUaFhESOW	2016
Jenny Hval - Blood Bitch	23	September 30, 2016	Art Pop	Jenny Hval	Blood Bitch	18XEoSRglCwQLGClea3686	2016
YG - Still Brazy	22	June 17, 2016	Hip Hop	YG	Still Brazy	4gVJj9kuG6ue5Sb8egEPyn	2016
Young Thug - Jeffery	21	August 26, 2016	Hip Hop	Young Thug	Jeffery	7EpUpNUkkEGnaCvkcn1j4H	2016
Nicolas Jaar - Sirens	20	September 30, 2016	Ambient Pop	Nicolas Jaar	Sirens	2EvZiOMBlC9b5hbjbZCjZv	2016
Rihanna - ANTI	19	January 27, 2016	R&B	Rihanna	ANTI	3Q149ZH46Z0f3oDR7vlDYV	2016
Mitski - Puberty 2	18	June 17, 2016	Indie Rock	Mitski	Puberty 2	16i5KnBjWgUtwOO7sVMnJB	2016
Leonard Cohen - You Want It Darker	17	October 21, 2016	Singer-Songwriter	Leonard Cohen	You Want It Darker	3jeTB3j3QmUs8SPIVleHtU	2016
Kendrick Lamar - untitled unmastered.	16	March 4, 2016	Hip Hop	Kendrick Lamar	untitled unmastered.	5WSPnYTQ6YZ1UvBRi5quhO	2016
Nick Cave & The Bad Seeds - Skeleton Tree	15	September 9, 2016	Art Rock	Nick Cave & The Bad Seeds	Skeleton Tree	34xaLN7rDecGEK5UGIVbeJ	2016
Blood Orange - Freetown Sound	14	June 27, 2016	Alternative R&B	Blood Orange	Freetown Sound	3Z2XUjgVj5ZkCGpU7b2qtY	2016
Anderson .Paak - Malibu	13	January 15, 2016	Neo-Soul	Anderson .Paak	Malibu	4VFG1DOuTeDMBjBLZT7hCK	2016
Bon Iver - 22, A Million	12	September 30, 2016	Art Pop	Bon Iver	22, A Million	1PgfRdl3lPyACfUGH4pquG	2016
Danny Brown - Atrocity Exhibition	11	September 27, 2016	Hip Hop	Danny Brown	Atrocity Exhibition	3e7vtKJ3m1zVh38VGq2g3H	2016
Radiohead - A Moon Shaped Pool	10	May 8, 2016	Art Rock	Radiohead	A Moon Shaped Pool	6vuykQgDLUCiZ7YggIpLM9	2016
Angel Olsen - My Woman	9	September 2, 2016	Indie Rock	Angel Olsen	My Woman	5M8xQaQZuW2LZGVXZ3mlKN	2016
ANOHNI - Hopelessness	8	May 6, 2016	Art Pop	ANOHNI	Hopelessness	3dAx4u7AJy72a6M1ms6uYF	2016
A Tribe Called Quest - We got it from Here... Thank You 4 Your service	7	November 11, 2016	Hip Hop	A Tribe Called Quest	We got it from Here... Thank You 4 Your service	3WvQpufOsPzkZvcSuynCf3	2016
Chance The Rapper - Coloring Book	6	May 13, 2016	Hip Hop	Chance The Rapper	Coloring Book	71QyofYesSsRMwFOTafnhB	2016
Kanye West - The Life of Pablo	5	February 14, 2016	Hip Hop	Kanye West	The Life of Pablo	7gsWAHLeT0w7es6FofOXk1	2016
David Bowie - Blackstar	4	January 8, 2016	Art Rock	David Bowie	Blackstar	2w1YJXWMIco6EBf0CovvVN	2016
Beyoncé - Lemonade	3	April 23, 2016	R&B	Beyoncé	Lemonade	4X6b6POxbjX9inC7TWQd54	2016
Frank Ocean - Blonde	2	August 20, 2016	Alternative R&B	Frank Ocean	Blonde	1PDX0hMmsSdq122EupvNZF	2016
Solange - A Seat at the Table	1	September 30, 2016	Alternative R&B	Solange	A Seat at the Table	3Yko2SxDk4hc6fncIBQlcM	2016
Yaeji - Yaeji	50	March 31, 2017	Deep House	Yaeji	Yaeji	0YO6XyVs6lvPeknLqOfWZY	2017
Yaeji - EP2	50	November 3, 2017	Electronic	Yaeji	EP2	1haNHfsOFIrDKDFYr0pbsy	2017
Open Mike Eagle - Brick Body Kids Still Daydream	49	September 15, 2017	Hip Hop	Open Mike Eagle	Brick Body Kids Still Daydream	1VDnqZVFSg0xVF104kaIix	2017
(Sandy) Alex G - Rocket	48	May 19, 2017	Indie Rock	(Sandy) Alex G	Rocket	5Pq92omNLyQgGGrj2u4pur	2017
Kehlani - SweetSexySavage	47	January 27, 2017	Alternative R&B	Kehlani	SweetSexySavage	4B4in9QlrlYWSHlYSRebdC	2017
Laurel Halo - Dust	46	June 23, 2017	Ambient Pop	Laurel Halo	Dust	1hLcoVrolf5uh2coXHf01M	2017
Girlpool - Powerplant	45	May 12, 2017	Indie Pop	Girlpool	Powerplant	3V3Y2GCjloFhtI16vpHl2a	2017
Kaitlyn Aurelia Smith - The Kid	44	October 6, 2017	Art Pop	Kaitlyn Aurelia Smith	The Kid	0tkPzRqTyqB8h8ZLfZ0m9k	2017
Lil B - Black Ken	43	August 17, 2017	Hip Hop	Lil B	Black Ken	60Ca2ECXMePq5zJ0fjcQK1	2017
Vagabon - Infinite Worlds	42	February 24, 2017	Indie Rock	Vagabon	Infinite Worlds	2t1IC3t3dXjK1wIlsEjCez	2017
Zola Jesus - Okovi	41	September 8, 2017	Art Pop	Zola Jesus	Okovi	3xgTnei8Ry6o0VeOYeoZg0	2017
The xx - I See You	40	January 13, 2017	Indie Pop	The xx	I See You	2PXy9USZAoTSdtrxfkPBnl	2017
Fleet Foxes - Crack-Up	39	June 16, 2017	Folk	Fleet Foxes	Crack-Up	0xtTojp4zfartyGtbFKN3v	2017
Drake - More Life	38	March 18, 2017	Hip Hop	Drake	More Life	1lXY618HWkwYKJWBRYR4MK	2017
Julie Byrne - Not Even Happiness	37	January 27, 2017	Folk	Julie Byrne	Not Even Happiness	4D0slaYPm4oiwFRlv10rJz	2017
Syd - Fin	36	February 3, 2017	Alternative R&B	Syd	Fin	59Bbr32pMTFHlUb8Nv1Kr0	2017
Playboi Carti - Playboi Carti	35	April 14, 2017	Hip Hop	Playboi Carti	Playboi Carti	4rJgzzfFHAVFhCSt2P4I3j	2017
Mount Kimbie - Love What Survives	34	September 8, 2017	Future Garage	Mount Kimbie	Love What Survives	54FblbvyHNrWeAuEJqnyit	2017
Kelly Lee Owens - Kelly Lee Owens	33	March 24, 2017	Tech House	Kelly Lee Owens	Kelly Lee Owens	3Zx14dyUjtZcEas89nZZfn	2017
Lana Del Rey - Lust for Life	32	July 21, 2017	Dream Pop	Lana Del Rey	Lust for Life	7xYiTrbTL57QO0bb4hXIKo	2017
Kamasi Washington - Harmony of Difference	31	September 29, 2017	Jazz	Kamasi Washington	Harmony of Difference	1mFuFPBz9kBDdXylMNolu7	2017
Slowdive - Slowdive	30	May 5, 2017	Dream Pop	Slowdive	Slowdive	4nSWX5A4xVomzrOEGDKLQ6	2017
Run the Jewels - Run the Jewels 3	29	December 25, 2016	Hip Hop	Run the Jewels	Run the Jewels 3	3v2GjFB9V5kHgrOCXn3sI9	2017
Ibeyi - Ash	28	September 29, 2017	Art Pop	Ibeyi	Ash	3AfBuChwSzSSufGjTAafzt	2017
Future - HNDRXX	27	February 24, 2017	Hip Hop	Future	HNDRXX	1P8NvRvykmDrKyfglMerMv	2017
Jay Som - Everybody Works	26	March 10, 2017	Indie Rock	Jay Som	Everybody Works	1ZMtgC7o6TGbzwkv5SpThU	2017
Priests - Nothing Feels Natural	25	January 27, 2017	Post-Punk	Priests	Nothing Feels Natural	4Q4PAknSA2wgEY0VPLCqAR	2017
Thundercat - Drunk	24	February 24, 2017	Neo-Soul	Thundercat	Drunk	0pP7fWQxwXJ52FsQww0YGx	2017
Big Thief - Capacity	23	June 9, 2017	Indie Rock	Big Thief	Capacity	2hOYLjoRQFXcdviMiwtgxe	2017
St. Vincent - MASSEDUCTION	22	October 13, 2017	Art Pop	St. Vincent	MASSEDUCTION	4RoOGpdrgfiIUyv0kLaC4e	2017
Arca - Arca	21	April 7, 2017	Art Pop	Arca	Arca	1MQO4j8QExVgmnplbIodEU	2017
Björk - Utopia	20	November 24, 2017	Art Pop	Björk	Utopia	037hz3oZyrgcJOheyhPMnC	2017
Migos - Culture	19	January 27, 2017	Hip Hop	Migos	Culture	2AvupjUeMnSffKEV05x222	2017
Julien Baker - Turn Out the Lights	18	October 27, 2017	Singer-Songwriter	Julien Baker	Turn Out the Lights	3uIsEwFYYV4rwRssSEJ8Lb	2017
Charlotte Gainsbourg - Rest	17	November 17, 2017	Art Pop	Charlotte Gainsbourg	Rest	4qViuTOzHQqtVppJtf96Hh	2017
Perfume Genius - No Shape	16	May 5, 2017	Art Pop	Perfume Genius	No Shape	7awgq3vvlsIeA7dZduR9x4	2017
Sampha - Process	15	February 3, 2017	Alternative R&B	Sampha	Process	2gUSWVHCOerKhJHZRwhVtN	2017
Mount Eerie - A Crow Looked at Me	14	March 24, 2017	Singer-Songwriter	Mount Eerie	A Crow Looked at Me	5p64XgvFREt1P6mC7Xl6XN	2017
Jay-Z - 4:44	13	June 30, 2017	Hip Hop	Jay-Z	4:44		2017
LCD Soundsystem - American Dream	12	September 1, 2017	Dance Punk	LCD Soundsystem	American Dream	4AF1M7bGCFL3LHCtXUUXw5	2017
The War on Drugs - A Deeper Understanding	11	August 25, 2017	Heartland Rock	The War on Drugs	A Deeper Understanding	4TkmrrpjlPoCPpGyDN3rkF	2017
Jlin - Black Origami	10	May 19, 2017	Footwork	Jlin	Black Origami	7526bnJCkFFnAMSQ9fsva9	2017
Fever Ray - Plunge	9	October 27, 2017	Electropop	Fever Ray	Plunge	3UHMhYzYnfTBEuDxb1JmxC	2017
Tyler, the Creator - Flower Boy	8	July 21, 2017	Experimental Hip Hop	Tyler, the Creator	Flower Boy	2nkto6YNI4rUYTLqEwWJ3o	2017
Vince Staples - Big Fish Theory	7	June 23, 2017	Hip Hop	Vince Staples	Big Fish Theory	5h3WJG0aZjNOrayFu3MhCS	2017
Moses Sumney - Aromanticism	6	September 22, 2017	Art Pop	Moses Sumney	Aromanticism	30WjNaR79shSTGB52IJTw0	2017
Lorde - Melodrama	5	June 16, 2017	Art Pop	Lorde	Melodrama	2B87zXm9bOWvAJdkJBTpzF	2017
Kelela - Take Me Apart	4	October 6, 2017	Alternative R&B	Kelela	Take Me Apart	6pw1XPub1bSMq03ASVqRVu	2017
King Krule - The OOZ	3	October 13, 2017	Art Rock	King Krule	The OOZ	6Ulu31dfRTpIAud08ZIhXd	2017
SZA - Ctrl	2	June 9, 2017	Alternative R&B	SZA	Ctrl	76290XdXVF9rPzGdNRWdCh	2017
Kendrick Lamar - DAMN.	1	April 14, 2017	Hip Hop	Kendrick Lamar	DAMN.	4eLPsYPBmXABThSJ821sqY	2017
SOB X RBE - Gangin	50	February 23, 2018	Hip Hop	SOB X RBE	Gangin	2PdBVnMc2vEEQU7J3CW6X9	2018.htm
Georgia Anne Muldrow - Overload	49	October 26, 2018	Neo-Soul	Georgia Anne Muldrow	Overload	0B7fXvfjRwx643vbLB8YMz	2018.htm
Kamasi Washington - Heaven and Earth	48	June 22, 2018	Jazz Fusion	Kamasi Washington	Heaven and Earth	2aBgwU4zIm1tekGzphKYp8	2018.htm
Skee Mask - Compro	47	May 15, 2018	Ambient Techno	Skee Mask	Compro	3yXIkSJWpudtgF0TZuB16U	2018.htm
Blood Orange - Negro Swan	46	August 24, 2018	Alternative R&B	Blood Orange	Negro Swan	7bvmGyFDwpHNRRRZJ0AHvn	2018.htm
Cat Power - Wanderer	45	October 5, 2018	Singer-Songwriter	Cat Power	Wanderer	28SMXZ4p2uQGJZJpFXw8em	2018.htm
Camp Cope - How to Socialise & Make Friends	44	March 2, 2018	Indie Rock	Camp Cope	How to Socialise & Make Friends	0GXUti86hj1UiPJmQrbFy6	2018.htm
Sleep - The Sciences	43	April 20, 2018	Stoner Metal	Sleep	The Sciences	790MeSzafcgXNCoY2AagnP	2018.htm
Adrianne Lenker - abysskiss	42	October 5, 2018	Indie Folk	Adrianne Lenker	abysskiss	5W6TxvIqACEfnxm0VgPhv7	2018.htm
Jeremih & Ty Dolla $ign - Mih-Ty	41	October 26, 2018	R&B	Jeremih & Ty Dolla $ign	Mih-Ty	16rRmI5wxWWO5dnRWUKCPA	2018.htm
Iceage - Beyondless	40	May 4, 2018	Post-Punk	Iceage	Beyondless	5H8wFFblf7YvGc7LbBzuR9	2018.htm
The Internet - Hive Mind	39	July 20, 2018	Neo-Soul	The Internet	Hive Mind	27ThgFMUAx3MXLQ297DzWF	2018.htm
Kali Uchis - Isolation	38	April 6, 2018	Neo-Soul	Kali Uchis	Isolation	4EPQtdq6vvwxuYeQTrwDVY	2018.htm
JPEGMAFIA - Veteran	37	January 19, 2018	Experimental Hip Hop	JPEGMAFIA	Veteran	22LKdgY3vLsAsWrOafwCM3	2018.htm
Rico Nasty - Nasty	36	June 15, 2018	Trap Rap	Rico Nasty	Nasty	4RKiTVGT9pCVRnqIkwKWo1	2018.htm
A.A.L. (Against All Logic) - 2012 - 2017	35	February 17, 2018	Deep House	A.A.L. (Against All Logic)	2012	1uzfGk9vxMXfaZ2avqwxod	2018.htm
Neneh Cherry - Broken Politics	34	October 19, 2018	Art Pop	Neneh Cherry	Broken Politics	0FVXJcJqnDaXMMUezuyszp	2018.htm
Sheck Wes - MUDBOY	33	October 5, 2018	Trap Rap	Sheck Wes	MUDBOY	15Id9Jrqab8IwHFirdrrLp	2018.htm
Let's Eat Grandma - I'm All Ears	32	June 29, 2018	Art Pop	Let's Eat Grandma	I'm All Ears	5Bnhkya5cGltQFTrnC0grx	2018.htm
Arctic Monkeys - Tranquility Base Hotel & Casino	31	May 11, 2018	Psychedelic Pop	Arctic Monkeys	Tranquility Base Hotel & Casino	1jeMiSeSnNS0Oys375qegp	2018.htm
Christine and the Queens - Chris	30	September 21, 2018	Synthpop	Christine and the Queens	Chris	08LcAgUEeFV4tM3WPPpbYh	2018.htm
boygenius - boygenius EP	29	October 26, 2018	Indie Folk	boygenius	boygenius EP	5BRORKnC2HD5xhgUyR31SH	2018.htm
Deafheaven - Ordinary Corrupt Human Love	28	July 13, 2018	Blackgaze	Deafheaven	Ordinary Corrupt Human Love	2iA7rzpQsOfAPkfH4Ekp7f	2018.htm
Soccer Mommy - Clean	27	March 2, 2018	Indie Pop	Soccer Mommy	Clean	36NLDBi2kX7XRHnyLzLOS8	2018.htm
Vince Staples - FM!	26	November 2, 2018	Hip Hop	Vince Staples	FM!	1HB4naIXCKcUtvBK4Gmcke	2018.htm
Playboi Carti - Die Lit	25	May 11, 2018	Trap Rap	Playboi Carti	Die Lit	7dAm8ShwJLFm9SaJ6Yc58O	2018.htm
Julia Holter - Aviary	24	October 26, 2018	Progressive Pop	Julia Holter	Aviary	6icpwcJQWK4nq9Xilk4yRu	2018.htm
Travis Scott - ASTROWORLD	23	August 3, 2018	Trap Rap	Travis Scott	ASTROWORLD	41GuZcammIkupMPKH2OJ6I	2018.htm
U.S. Girls - In a Poem Unlimited	22	February 16, 2018	Neo-Psychedelia	U.S. Girls	In a Poem Unlimited	5mcuyVRQmrRlfFqDDfJI1q	2018.htm
The 1975 - A Brief Inquiry Into Online Relationships	21	November 30, 2018	Art Pop	The 1975	A Brief Inquiry Into Online Relationships	6PWXKiakqhI17mTYM4y6oY	2018.htm
Beach House - 7	20	May 11, 2018	Dream Pop	Beach House	7	4qftBBO7pnYlek3mRENIvM	2018.htm
Cardi B - Invasion of Privacy	19	April 6, 2018	Trap Rap	Cardi B	Invasion of Privacy	4KdtEKjY3Gi0mKiSdy96ML	2018.htm
SOPHIE - OIL OF EVERY PEARL'S UN-INSIDES	18	June 15, 2018	Post-Industrial	SOPHIE	OIL OF EVERY PEARL'S UN-INSIDES	0CKiI5WdJ5rzUIK8hyD3SY	2018.htm
Pusha T - Daytona	17	May 25, 2018	Hip Hop	Pusha T	Daytona	07bIdDDe3I3hhWpxU6tuBp	2018.htm
Jon Hopkins - Singularity	16	May 4, 2018	Microhouse	Jon Hopkins	Singularity	1nvzBC1M3dlCMIxfUCBhlO	2018.htm
Noname - Room 25	15	September 14, 2018	Hip Hop	Noname	Room 25	7oHM3Sj0l2nXAzGAxW0KOt	2018.htm
Amen Dunes - Freedom	14	March 30, 2018	Neo-Psychedelia	Amen Dunes	Freedom	2H4G8AGta9p8yjgjVI9nZd	2018.htm
Tirzah - Devotion	13	August 10, 2018	Art Pop	Tirzah	Devotion	15GocbF7ybkkPP03YXtLqv	2018.htm
cupcakKe - Ephorize	12	January 5, 2018	Trap Rap	cupcakKe	Ephorize	5vnAsJiYwz1Cb3lydVGN9W	2018.htm
Ariana Grande - Sweetener	11	August 17, 2018	R&B	Ariana Grande	Sweetener	3tx8gQqWbGwqIGZHqDNrGe	2018.htm
Yves Tumor - Safe in the Hands of Love	10	September 5, 2018	Post-Industrial	Yves Tumor	Safe in the Hands of Love	1IpYZkYoYCjXTYMDEW8Ksk	2018.htm
Tierra Whack - Whack World	9	May 30, 2018	Pop Rap	Tierra Whack	Whack World	3ogNAkUhvQy0cFOfLoR6Y8	2018.htm
Low - Double Negative	8	September 14, 2018	Ambient Pop	Low	Double Negative	1zTkgOHx3mjrUvrhxq4osf	2018.htm
Earl Sweatshirt - Some Rap Songs	7	November 30, 2018	Experimental Hip Hop	Earl Sweatshirt	Some Rap Songs	66at85wgO2pu5CccvqUF6i	2018.htm
Rosalía - El Mal Querer	6	November 2, 2018	Art Pop	Rosalía	El Mal Querer	355bjCHzRJztCzaG5Za4gq	2018.htm
Snail Mail - Lush	5	June 8, 2018	Indie Rock	Snail Mail	Lush	2e48GqjEwCi87gQJanb1bf	2018.htm
Robyn - Honey	4	October 26, 2018	Electropop	Robyn	Honey	6WZjFvrzwq8SOGe0r8R3qk	2018.htm
DJ Koze - Knock Knock	3	May 4, 2018	Deep House	DJ Koze	Knock Knock	0sT4nyNxsvGNQr1O8OR83O	2018.htm
Kacey Musgraves - Golden Hour	2	March 30, 2018	Country Pop	Kacey Musgraves	Golden Hour	7f6xPqyaolTiziKf5R5Z0c	2018.htm
Mitski - Be the Cowboy	1	August 17, 2018	Indie Rock	Mitski	Be the Cowboy	653wRjqO0GOZPQPcXpeAXD	2018.htm
Floating Points - Crush	50	October 18, 2019	IDM	Floating Points	Crush	1WwZwdTICfaZI51BIIEN9z	2019
Faye Webster - Atlanta Millionaires Club	49	May 24, 2019	Alt-Country	Faye Webster	Atlanta Millionaires Club	4vt0V1SmkaK1Y440P5Nsb4	2019
Danny Brown - uknowhatimsayin¿	48	October 4, 2019	Abstract Hip Hop	Danny Brown	uknowhatimsayin¿	4G3BRVsGEpWzUdplFJ1VBl	2019
Barker - Utility	47	September 6, 2019	Minimal Techno	Barker	Utility	5F3YJdIjGHhnUVuD96G1mz	2019
CHAI - PUNK	46	February 13, 2019	Dance Punk	CHAI	PUNK	7tcbI0Qp64LaGwHYgwkbBO	2019
DaBaby - Baby On Baby	45	March 1, 2019	Trap Rap	DaBaby	Baby On Baby	0O1PJ0t69iTO5yWrIeIga0	2019
Holly Herndon - PROTO	44	May 10, 2019	Glitch Pop	Holly Herndon	PROTO	3PkYFFSJTPxOhnSYBtyZsk	2019
Rico Nasty & Kenny Beats - Anger Management	43	April 25, 2019	Trap Rap	Rico Nasty & Kenny Beats	Anger Management	5JbeU5WL1WAGxy1u5fsOmf	2019
100 gecs - 1000 gecs	42	May 31, 2019	Bubblegum Bass	100 gecs	1000 gecs	4CGanXs6KlVuXXdNrf82qE	2019
Blood Incantation - Hidden History of the Human Race	41	November 22, 2019	Death Metal	Blood Incantation	Hidden History of the Human Race	34U0n1oAE5mwgdaIBrcIck	2019
Thom Yorke - ANIMA	40	June 27, 2019	Glitch Pop	Thom Yorke	ANIMA	1g4vEVvVVFvFju0gS0DMbh	2019
Aldous Harding - Designer	39	April 26, 2019	Singer-Songwriter	Aldous Harding	Designer	0QNJa03XQeMOuQhi9izThh	2019
RAP - Export	38	February 28, 2019	Ambient Techno	RAP	Export		2019
Nilüfer Yanya - Miss Universe	37	March 22, 2019	Indie Pop	Nilüfer Yanya	Miss Universe	4ghm3TST2NwYOIAd5QHjbU	2019
Denzel Curry - ZUU	36	May 31, 2019	Trap Rap	Denzel Curry	ZUU	6PkSBdx19zarn4ae1D08gA	2019
Mannequin Pussy - Patience	35	June 21, 2019	Punk Rock	Mannequin Pussy	Patience	1X0Na8DRV5U6G9grTPDWKF	2019
slowthai - Nothing Great About Britain	34	May 17, 2019	Hip Hop	slowthai	Nothing Great About Britain	2wl8jFb7m1paRmxIbwtHru	2019
Polo G - Die a Legend	33	June 7, 2019	Trap Rap	Polo G	Die a Legend	26ztFK3E69j5THJQdyxC5w	2019
Sharon Van Etten - Remind Me Tomorrow	32	January 18, 2019	Indie Pop	Sharon Van Etten	Remind Me Tomorrow	2dvXk4nacVRmDSnbKniwrS	2019
MIKE - tears of joy	31	June 21, 2019	Abstract Hip Hop	MIKE	tears of joy	0LTQhn97NYWef8DeDAsknh	2019
Oso Oso - Basking in the Glow	30	August 16, 2019	Emo	Oso Oso	Basking in the Glow	0W3zHdIMXAfAAueEWaagRH	2019
Ariana Grande - thank u, next	29	February 8, 2019	R&B	Ariana Grande	thank u, next	2fYhqwDWXjbpjaIJPEfKFw	2019
Nick Cave & The Bad Seeds - Ghosteen	28	October 4, 2019	Singer-Songwriter	Nick Cave & The Bad Seeds	Ghosteen	6UOvMBrdfOWGqSvtQohiso	2019
Florist - Emily Alone	27	July 26, 2019	Indie Folk	Florist	Emily Alone	2Lgoj4yzpi5YchgiVuZTcH	2019
Burna Boy - African Giant	26	July 25, 2019	Afrobeats	Burna Boy	African Giant	34vlTd4355ddD4q9pPsoqF	2019
Vampire Weekend - Father of the Bride	25	May 3, 2019	Indie Pop	Vampire Weekend	Father of the Bride	1A3nVEWRJ8yvlPzawHI1pQ	2019
Kim Gordon - No Home Record	24	October 11, 2019	Noise Rock	Kim Gordon	No Home Record	4WgO7FEa9fzcyOIabUIbQR	2019
Tyler, the Creator - IGOR	23	May 17, 2019	Neo-Soul	Tyler, the Creator	IGOR	5zi7WsKlIiUXv09tbGLKsE	2019
Cate Le Bon - Reward	22	May 24, 2019	Art Pop	Cate Le Bon	Reward	1et95HstXof7uDcKgCkwXw	2019
Billie Eilish - WHEN WE ALL FALL ASLEEP, WHERE DO WE GO?	21	March 29, 2019	Electropop	Billie Eilish	WHEN WE ALL FALL ASLEEP, WHERE DO WE GO?	0S0KGZnfBGSIssfF54WSJh	2019
Jenny Hval - The Practice of Love	20	September 13, 2019	Art Pop	Jenny Hval	The Practice of Love	6Ia2sw3y79k40GHeNjCfLh	2019
Jessica Pratt - Quiet Signs	19	February 8, 2019	Folk	Jessica Pratt	Quiet Signs	00oz3t7cI3WfwS2oEIZD6x	2019
Clairo - Immunity	18	August 2, 2019	Indie Pop	Clairo	Immunity	4kkVGtCqE2NiAKosri9Rnd	2019
(Sandy) Alex G - House of Sugar	17	September 13, 2019	Indie Folk	(Sandy) Alex G	House of Sugar	2kCDZ3gCr5hXFgbFsPMcxP	2019
Bon Iver - i,i	16	August 9, 2019	Art Pop	Bon Iver	i,i	54DU59anGQsdrFP7utpshG	2019
Bill Callahan - Shepherd in a Sheepskin Vest	15	June 14, 2019	Singer-Songwriter	Bill Callahan	Shepherd in a Sheepskin Vest	7sfkWJ14gZywjyv3wtQ5WC	2019
Beyoncé - HOMECOMING: THE LIVE ALBUM	14	April 17, 2019	R&B	Beyoncé	HOMECOMING: THE LIVE ALBUM	35S1JCj5paIfElT2GODl6x	2019
Big Thief - Two Hands	13	October 11, 2019	Indie Folk	Big Thief	Two Hands	7pg8T6pajjHVZbiyB8bGxo	2019
Brittany Howard - Jaime	12	September 20, 2019	Psychedelic Soul	Brittany Howard	Jaime	6fbphjr9j57oxMB2bnhzUf	2019
Jamila Woods - LEGACY! LEGACY!	11	May 10, 2019	Alternative R&B	Jamila Woods	LEGACY! LEGACY!	5NzK7S7oQQnO8eLRf7kDJx	2019
Purple Mountains - Purple Mountains	10	July 12, 2019	Indie Rock	Purple Mountains	Purple Mountains	5NCdiiTgky5PbjmCtcgwtn	2019
Weyes Blood - Titanic Rising	9	April 5, 2019	Art Pop	Weyes Blood	Titanic Rising	53VKICyqCf91sVkTdFrzKX	2019
Fennesz - Agora	8	March 29, 2019	Ambient	Fennesz	Agora	7JpOsq1F2A9aPr2fdacsOk	2019
Helado Negro - This Is How You Smile	7	March 8, 2019	Art Pop	Helado Negro	This Is How You Smile	17LsQV3q3cgTBrat3D5JSv	2019
Bad Bunny - X 100PRE	6	December 24, 2018	Trap Rap	Bad Bunny	X 100PRE	7CjJb2mikwAWA1V6kewFBF	2019
Solange - When I Get Home	5	March 1, 2019	Neo-Soul	Solange	When I Get Home	4WF4HvVT7VjGnVjxjoCR6w	2019
Angel Olsen - All Mirrors	4	October 4, 2019	Art Pop	Angel Olsen	All Mirrors	0RedX0LZkGUFoRwFntAaI0	2019
Big Thief - U.F.O.F.	3	May 3, 2019	Indie Folk	Big Thief	U.F.O.F.	13arYJWgDb5xGDHU49Nlj9	2019
FKA twigs - MAGDALENE	2	November 8, 2019	Art Pop	FKA twigs	MAGDALENE	2w8Wshbp9RCPJdPU1iOpaY	2019
Lana Del Rey - Norman Fucking Rockwell!	1	August 30, 2019	Art Pop	Lana Del Rey	Norman Fucking Rockwell!	5XpEKORZ4y6OrCZSKsi46A	2019